1, Efficient Solutions, 240-419-00-04, Nikola Nowakowska, efficientsolutions@gmail.com, 255306111, Carpentry, between 1981-2000, between 1-5, EPA Lead-Safe Certification, between 16-50, between 101-500
2, Exquisite Innovations, 218-697-08-06, Hubert Nowak, exquisiteinnovations@gmail.com, 554517587, Painting, between 1900-1950, between 16-50, EPA Lead-Safe Certification, between 0-5, more than 500
3, Innovative Solutions, 444-329-04-03, Renata Michalak, innovativesolutions@gmail.com, 476148130, Electrical, between 2001-2024, over 200, Six Sigma Certification, between 0-5, between 101-500
4, Remodeling Builders, 179-978-09-09, Piotr Lewandowski, remodelingbuilders@gmail.com, 901916048, HVAC, between 1900-1950, between 50-200, CompTIA Security+, between 0-5, more than 500
5, Great Craftsmanship, 628-315-08-03, Hanna Baran, greatcraftsmanship@gmail.com, 307772661, Masonry, between 1900-1950, between 1-5, First Aid Certification, between 0-5, more than 500
6, Construction Services, 942-454-02-04, Aleksander Wisniewski, constructionservices@gmail.com, 639632922, Electrical, between 2001-2024, between 16-50, LEED Certification, over 50, more than 500
7, Ace Solutions, 397-207-07-02, Jakub Lis, acesolutions@gmail.com, 825600975, Renovation, between 1951-1980, between 16-50, PMP Certification, between 6-15, between 21-100
8, Inspiration Design, 521-446-01-04, Kamil Nowakowski, inspirationdesign@gmail.com, 878631065, Carpentry, between 1951-1980, between 16-50, AWS Certified Solutions Architect, between 16-50, between 101-500
9, Master Builders, 856-748-06-07, Artur Mazur, masterbuilders@gmail.com, 912779469, Carpentry, between 2001-2024, between 6-15, Six Sigma Certification, between 6-15, between 21-100
10, Master Works, 375-552-05-05, Magdalena Wojcik, masterworks@gmail.com, 566347497, Electrical, between 1900-1950, between 6-15, Certified ScrumMaster, between 0-5, between 6-20
11, Elite Creations, 724-489-04-04, Dorota Pietrzak, elitecreations@gmail.com, 881966714, Plumbing, between 1951-1980, between 6-15, CompTIA Security+, between 6-15, more than 500
12, Expert Remodeling, 753-787-03-07, Justyna Lewandowska, expertremodeling@gmail.com, 232884955, Landscaping, between 1900-1950, between 50-200, PMP Certification, over 50, between 6-20
13, Top-notch Structural, 281-669-01-06, Lena Michalska, top-notchstructural@gmail.com, 660620733, Renovation, between 1951-1980, between 16-50, LEED Certification, between 16-50, between 6-20
14, Ace Projects, 375-368-05-03, Hubert Szewczyk, aceprojects@gmail.com, 101786513, Carpentry, between 1900-1950, over 200, Cisco Certified Network Associate, between 6-15, between 0-5
15, High-Quality Crafters, 389-334-09-03, Przemyslaw Kaczmarczyk, high-qualitycrafters@gmail.com, 668828874, Painting, between 2001-2024, between 16-50, CompTIA Security+, over 50, between 101-500
16, Elite Architectural, 336-159-06-01, Zuzanna Kaminska, elitearchitectural@gmail.com, 174081912, Plumbing, between 1981-2000, between 6-15, EPA Lead-Safe Certification, between 6-15, between 0-5
17, Great Projects, 345-407-05-04, Ryszard Szewczyk, greatprojects@gmail.com, 877638867, Electrical, between 1951-1980, over 200, Certified ScrumMaster, between 16-50, between 0-5
18, Majestic Renovators, 318-301-08-03, Nikola Witkowska, majesticrenovators@gmail.com, 729507435, Landscaping, between 2001-2024, between 1-5, Certified ScrumMaster, between 16-50, between 6-20
19, Construction Projects, 645-890-05-08, Jan Jablonski, constructionprojects@gmail.com, 318194502, Carpentry, between 1981-2000, over 200, CompTIA Security+, between 6-15, between 101-500
20, Inspiration Creations, 965-770-05-07, Aleksander Adamczyk, inspirationcreations@gmail.com, 973621372, Flooring, between 1900-1950, between 50-200, First Aid Certification, between 16-50, between 21-100
21, Elite Building, 172-619-02-06, Robert Wojcik, elitebuilding@gmail.com, 414037030, Masonry, between 2001-2024, between 6-15, LEED Certification, between 6-15, between 0-5
22, Efficient Construction, 669-744-09-07, Kinga Olszewska, efficientconstruction@gmail.com, 265436289, Landscaping, between 1981-2000, between 16-50, AWS Certified Solutions Architect, between 16-50, between 0-5
23, Innovative Renovators, 724-460-04-04, Renata Wozniak, innovativerenovators@gmail.com, 133022258, Landscaping, between 2001-2024, between 50-200, First Aid Certification, between 6-15, between 0-5
24, Reliable Builders, 353-663-03-06, Filip Jablonski, reliablebuilders@gmail.com, 563620934, Flooring, between 2001-2024, between 1-5, First Aid Certification, over 50, between 0-5
25, Best Builders, 529-567-09-05, Karol Lewandowski, bestbuilders@gmail.com, 147473024, Masonry, between 1951-1980, between 6-15, LEED Certification, between 16-50, between 0-5
26, Ace Works, 252-810-02-08, Wiktoria Witkowska, aceworks@gmail.com, 537607406, Interior Design, between 1900-1950, over 200, AWS Certified Solutions Architect, between 16-50, between 21-100
27, Professional Renovation, 764-591-04-05, Kamila Dabrowska, professionalrenovation@gmail.com, 585774822, Flooring, between 2001-2024, between 16-50, CompTIA Security+, between 0-5, between 101-500
28, Inspiration Design, 849-643-09-06, Martyna Pawlak, inspirationdesign@gmail.com, 842772734, HVAC, between 1981-2000, between 6-15, Certified ScrumMaster, between 16-50, between 101-500
29, Elite Prospects, 995-210-05-02, Aneta Piotrowska, eliteprospects@gmail.com, 595289723, Interior Design, between 2001-2024, between 50-200, PMP Certification, between 16-50, more than 500
30, Skillful Creators, 598-351-08-03, Agata Wisniewska, skillfulcreators@gmail.com, 672742466, HVAC, between 1981-2000, between 1-5, OSHA 30-Hour Certification, between 0-5, more than 500
31, Majestic Architectural, 448-650-08-06, Bartlomiej Wisniewski, majesticarchitectural@gmail.com, 227671364, Painting, between 1951-1980, between 16-50, EPA Lead-Safe Certification, over 50, between 101-500
32, Premier Masters, 813-134-03-01, Katarzyna Walczak, premiermasters@gmail.com, 191827104, Interior Design, between 1981-2000, between 6-15, LEED Certification, between 16-50, between 21-100
33, Majestic Builders, 245-286-05-02, Dawid Piotrowski, majesticbuilders@gmail.com, 373793922, Electrical, between 1981-2000, over 200, CompTIA Security+, between 16-50, between 6-20
34, Dynamic Renovators, 653-688-03-06, Paulina Kubiak, dynamicrenovators@gmail.com, 695570100, Landscaping, between 2001-2024, between 16-50, OSHA 30-Hour Certification, between 6-15, between 0-5
35, Expert Structural, 722-831-02-08, Emilia Pawlak, expertstructural@gmail.com, 536871536, Flooring, between 1981-2000, between 16-50, OSHA 30-Hour Certification, between 6-15, between 101-500
36, Construction Prospects, 717-296-07-02, Jacek Gajewski, constructionprospects@gmail.com, 283400130, Carpentry, between 1981-2000, between 1-5, CompTIA Security+, between 6-15, more than 500
37, Skillful Renovators, 492-910-02-09, Aleksander Kaczmarczyk, skillfulrenovators@gmail.com, 553951489, Plumbing, between 1951-1980, between 1-5, PMP Certification, over 50, between 6-20
38, Golden Hand Master, 650-926-00-09, Julian Kubiak, goldenhandmaster@gmail.com, 391459891, Renovation, between 1900-1950, between 50-200, OSHA 30-Hour Certification, over 50, between 6-20
39, Innovative Crafters, 321-543-01-05, Ewa Mazur, innovativecrafters@gmail.com, 186553247, Landscaping, between 1900-1950, between 1-5, AWS Certified Solutions Architect, between 6-15, more than 500
40, Reliable Masters, 462-451-02-04, Marzena Rutkowska, reliablemasters@gmail.com, 786364032, Painting, between 2001-2024, between 1-5, Six Sigma Certification, between 0-5, between 0-5
41, Eminent Works, 337-824-07-08, Marek Dabrowski, eminentworks@gmail.com, 828498246, Painting, between 1951-1980, between 1-5, First Aid Certification, between 0-5, between 101-500
42, Golden Hand Solutions, 280-466-00-04, Andrzej Zajac, goldenhandsolutions@gmail.com, 434653125, Landscaping, between 1900-1950, between 6-15, Certified ScrumMaster, over 50, between 101-500
43, Advanced Crafters, 923-526-03-05, Grzegorz Rutkowski, advancedcrafters@gmail.com, 537042252, Painting, between 2001-2024, between 50-200, Certified ScrumMaster, between 6-15, between 21-100
44, Renovation Renovation, 766-168-06-01, Aneta Wojciechowska, renovationrenovation@gmail.com, 359520744, Renovation, between 1981-2000, between 6-15, EPA Lead-Safe Certification, between 16-50, between 6-20
45, Expert Renovation, 810-301-00-03, Jan Kaczmarczyk, expertrenovation@gmail.com, 919263958, Renovation, between 2001-2024, between 1-5, Certified ScrumMaster, between 16-50, more than 500
46, Expert Master, 639-470-09-04, Oliwia Kaminska, expertmaster@gmail.com, 784417566, Plumbing, between 1951-1980, between 6-15, AWS Certified Solutions Architect, between 0-5, between 0-5
47, Superior Master, 346-485-06-04, Rafal Lewandowski, superiormaster@gmail.com, 373366105, Interior Design, between 1900-1950, between 1-5, OSHA 30-Hour Certification, between 6-15, between 0-5
48, Best Construction, 355-435-05-04, Filip Kaminski, bestconstruction@gmail.com, 878058810, Masonry, between 1900-1950, between 16-50, Six Sigma Certification, between 16-50, between 21-100
49, Inspiration Works, 215-709-05-07, Ignacy Majewski, inspirationworks@gmail.com, 301757163, Flooring, between 2001-2024, between 6-15, LEED Certification, between 6-15, between 101-500
50, High-Quality Prospects, 873-535-03-05, Adrian Mazur, high-qualityprospects@gmail.com, 244850461, HVAC, between 1981-2000, between 1-5, PMP Certification, over 50, between 101-500
51, Expert Solutions, 222-411-02-04, Hanna Kaminska, expertsolutions@gmail.com, 933488268, Masonry, between 1900-1950, over 200, First Aid Certification, between 16-50, between 0-5
52, Renovation Excellence, 605-616-05-06, Amelia Kaminska, renovationexcellence@gmail.com, 420408502, Interior Design, between 1981-2000, over 200, OSHA 30-Hour Certification, over 50, between 6-20
53, Professional Works, 576-745-06-07, Patrycja Wisniewska, professionalworks@gmail.com, 403688073, Plumbing, between 1981-2000, between 6-15, OSHA 30-Hour Certification, between 6-15, between 6-20
54, Top-notch Structural, 376-769-06-07, Michal Baran, top-notchstructural@gmail.com, 733974019, Interior Design, between 1981-2000, over 200, EPA Lead-Safe Certification, between 6-15, between 6-20
55, Superior Structural, 851-609-01-06, Karol Wojcik, superiorstructural@gmail.com, 997026619, Electrical, between 1900-1950, between 1-5, EPA Lead-Safe Certification, over 50, between 6-20
56, Master Projects, 902-386-02-03, Oliwia Zielinska, masterprojects@gmail.com, 500406233, Painting, between 1900-1950, between 16-50, First Aid Certification, between 0-5, more than 500
57, Exceptional Prospects, 110-232-00-02, Julian Gajewski, exceptionalprospects@gmail.com, 902714215, Landscaping, between 1951-1980, over 200, OSHA 30-Hour Certification, between 16-50, between 21-100
58, Ace Builders, 788-641-08-06, Emilia Pawlak, acebuilders@gmail.com, 102131284, Painting, between 1900-1950, over 200, AWS Certified Solutions Architect, between 0-5, between 101-500
59, Craftsman Pros, 586-190-06-01, Marcin Wojciechowski, craftsmanpros@gmail.com, 168971759, Plumbing, between 1900-1950, over 200, Cisco Certified Network Associate, between 6-15, more than 500
60, Inspiration Finishing, 334-703-04-07, Agata Pawlak, inspirationfinishing@gmail.com, 722837333, Painting, between 2001-2024, between 50-200, AWS Certified Solutions Architect, between 0-5, between 0-5
61, Master Structural, 135-352-05-03, Ryszard Wrobel, masterstructural@gmail.com, 874600020, HVAC, between 1981-2000, between 50-200, Certified ScrumMaster, between 0-5, more than 500
62, Construction Renovators, 829-856-09-08, Agnieszka Tomczak, constructionrenovators@gmail.com, 289444862, Renovation, between 2001-2024, between 50-200, Six Sigma Certification, over 50, between 0-5
63, Elite Designs, 132-180-02-01, Wojciech Baran, elitedesigns@gmail.com, 294333959, Renovation, between 1900-1950, between 50-200, AWS Certified Solutions Architect, between 0-5, between 0-5
64, Reliable Master, 493-447-03-04, Katarzyna Kowalczyk, reliablemaster@gmail.com, 447477265, Electrical, between 1981-2000, between 16-50, OSHA 30-Hour Certification, between 6-15, between 6-20
65, Ultimate Experts, 338-430-08-04, Martyna Wojciechowska, ultimateexperts@gmail.com, 943328796, Renovation, between 1951-1980, between 1-5, AWS Certified Solutions Architect, between 6-15, between 101-500
66, Great Solutions, 440-975-00-09, Leszek Wozniak, greatsolutions@gmail.com, 619253019, Electrical, between 1900-1950, between 50-200, First Aid Certification, over 50, more than 500
67, Inspiration Prospects, 908-995-08-09, Konrad Zalewski, inspirationprospects@gmail.com, 482238975, Interior Design, between 1981-2000, between 50-200, CompTIA Security+, between 0-5, more than 500
68, Golden Hand Design, 416-974-06-09, Karol Kaminski, goldenhanddesign@gmail.com, 511442459, Electrical, between 1951-1980, over 200, Six Sigma Certification, between 0-5, between 101-500
69, Dynamic Renovation, 673-757-03-07, Kacper Marciniak, dynamicrenovation@gmail.com, 405712354, Carpentry, between 2001-2024, between 50-200, CompTIA Security+, between 16-50, between 6-20
70, Elite Innovations, 999-544-09-05, Daniel Marciniak, eliteinnovations@gmail.com, 476436943, Renovation, between 2001-2024, over 200, AWS Certified Solutions Architect, between 6-15, more than 500
71, Best Crafters, 222-163-02-01, Nadia Jakubowska, bestcrafters@gmail.com, 411914893, Plumbing, between 1981-2000, between 16-50, AWS Certified Solutions Architect, between 16-50, between 0-5
72, Majestic Solutions, 841-639-01-06, Dominika Witkowska, majesticsolutions@gmail.com, 583147074, HVAC, between 1981-2000, between 1-5, OSHA 30-Hour Certification, between 0-5, between 101-500
73, Master Renovation, 426-208-06-02, Dominika Witkowska, masterrenovation@gmail.com, 802711476, Interior Design, between 1951-1980, over 200, EPA Lead-Safe Certification, between 0-5, between 101-500
74, Elite Renovation, 736-471-06-04, Paulina Marciniak, eliterenovation@gmail.com, 731441819, HVAC, between 2001-2024, over 200, CompTIA Security+, between 0-5, between 101-500
75, Leading Renovators, 306-634-06-06, Katarzyna Lewandowska, leadingrenovators@gmail.com, 917862230, Masonry, between 1900-1950, between 50-200, LEED Certification, between 16-50, between 0-5
76, Great Design, 689-503-09-05, Natalia Walczak, greatdesign@gmail.com, 774467093, Flooring, between 1900-1950, between 6-15, EPA Lead-Safe Certification, between 6-15, between 101-500
77, Best Pros, 976-694-06-06, Joanna Jankowska, bestpros@gmail.com, 730084836, Flooring, between 2001-2024, over 200, Six Sigma Certification, over 50, between 6-20
78, Top-notch Innovations, 602-932-02-09, Dominik Jablonski, top-notchinnovations@gmail.com, 224672781, Plumbing, between 2001-2024, over 200, First Aid Certification, between 16-50, more than 500
79, Superior Works, 122-386-02-03, Renata Kwiatkowska, superiorworks@gmail.com, 708668830, Plumbing, between 1951-1980, between 16-50, CompTIA Security+, between 0-5, between 21-100
80, High-Quality Creators, 269-950-09-09, Aleksander Michalak, high-qualitycreators@gmail.com, 739363767, Electrical, between 1951-1980, between 16-50, OSHA 30-Hour Certification, between 16-50, between 101-500
81, Superior Remodeling, 869-372-09-03, Barbara Wlodarczyk, superiorremodeling@gmail.com, 912973198, Interior Design, between 1900-1950, between 1-5, Certified ScrumMaster, between 6-15, between 21-100
82, Ultimate Builders, 424-183-04-01, Tadeusz Jablonski, ultimatebuilders@gmail.com, 500223194, Landscaping, between 1951-1980, between 1-5, Six Sigma Certification, between 16-50, more than 500
83, Best Pros, 817-459-07-04, Elzbieta Krol, bestpros@gmail.com, 146841873, Carpentry, between 2001-2024, over 200, EPA Lead-Safe Certification, over 50, between 0-5
84, Premier Works, 751-200-01-02, Daria Kwiatkowska, premierworks@gmail.com, 176379454, Painting, between 2001-2024, between 50-200, Six Sigma Certification, between 16-50, between 21-100
85, Advanced Finishing, 512-938-02-09, Hanna Nowak, advancedfinishing@gmail.com, 644728082, Masonry, between 1900-1950, between 16-50, AWS Certified Solutions Architect, between 0-5, between 0-5
86, Remodeling Builders, 883-421-03-04, Julia Bednarek, remodelingbuilders@gmail.com, 573142269, Carpentry, between 2001-2024, over 200, CompTIA Security+, between 6-15, between 0-5
87, Craftsman Innovations, 242-211-02-02, Jan Jakubowski, craftsmaninnovations@gmail.com, 821800315, Carpentry, between 1981-2000, over 200, Cisco Certified Network Associate, over 50, between 0-5
88, Majestic Solutions, 874-639-04-06, Karol Jablonski, majesticsolutions@gmail.com, 417079281, Plumbing, between 2001-2024, between 6-15, CompTIA Security+, between 0-5, between 101-500
89, Ace Experts, 462-272-02-02, Henryk Rutkowski, aceexperts@gmail.com, 821393658, Painting, between 1981-2000, between 50-200, PMP Certification, between 6-15, between 21-100
90, Best Experts, 119-625-09-06, Izabela Nowak, bestexperts@gmail.com, 925002623, HVAC, between 1981-2000, between 50-200, OSHA 30-Hour Certification, between 16-50, between 0-5
91, Craftsman Innovations, 345-936-05-09, Ewa Wrobel, craftsmaninnovations@gmail.com, 474522328, Painting, between 1981-2000, between 6-15, CompTIA Security+, between 6-15, between 6-20
92, Renovation Innovations, 243-596-03-05, Jacek Kwiatkowski, renovationinnovations@gmail.com, 657780810, Masonry, between 2001-2024, between 16-50, CompTIA Security+, over 50, between 6-20
93, Remodeling Structural, 400-837-00-08, Przemyslaw Wlodarczyk, remodelingstructural@gmail.com, 268522159, Carpentry, between 2001-2024, between 50-200, First Aid Certification, between 6-15, between 0-5
94, Eminent Services, 804-786-04-07, Natalia Adamczyk, eminentservices@gmail.com, 519330989, Masonry, between 1951-1980, over 200, First Aid Certification, between 6-15, between 0-5
95, Great Builders, 331-728-01-07, Krzysztof Kubiak, greatbuilders@gmail.com, 757679647, Interior Design, between 1951-1980, between 6-15, PMP Certification, between 16-50, between 101-500
96, Golden Hand Designs, 646-797-06-07, Daniel Dabrowski, goldenhanddesigns@gmail.com, 970925131, Masonry, between 1951-1980, between 16-50, LEED Certification, over 50, between 21-100
97, Inspiration Builders, 508-294-08-02, Agnieszka Krol, inspirationbuilders@gmail.com, 660702633, Renovation, between 1951-1980, over 200, Cisco Certified Network Associate, between 0-5, between 101-500
98, Craftsman Solutions, 894-289-04-02, Anna Lewandowska, craftsmansolutions@gmail.com, 241491302, Interior Design, between 2001-2024, between 50-200, LEED Certification, between 16-50, between 21-100
99, Dynamic Renovation, 768-534-08-05, Aleksander Zajac, dynamicrenovation@gmail.com, 269772983, Flooring, between 1900-1950, between 6-15, First Aid Certification, between 6-15, between 21-100
100, Expert Projects, 994-810-04-08, Michal Kozlowski, expertprojects@gmail.com, 442418661, HVAC, between 2001-2024, between 6-15, Certified ScrumMaster, between 16-50, between 0-5
101, Best Remodeling, 944-654-04-06, Robert Jablonski, bestremodeling@gmail.com, 748484536, Plumbing, between 1981-2000, over 200, CompTIA Security+, between 6-15, between 21-100
102, Best Creators, 663-725-03-07, Ilona Michalak, bestcreators@gmail.com, 169136681, Masonry, between 1981-2000, over 200, First Aid Certification, over 50, between 101-500
103, Ace Works, 465-693-05-06, lukasz Szewczyk, aceworks@gmail.com, 116356514, Renovation, between 1900-1950, over 200, First Aid Certification, between 0-5, more than 500
104, Professional Excellence, 120-209-00-02, Kacper Jankowski, professionalexcellence@gmail.com, 661445195, Landscaping, between 1900-1950, between 50-200, PMP Certification, between 6-15, between 6-20
105, Best Renovators, 673-433-03-04, Jozef Kowalczyk, bestrenovators@gmail.com, 886613438, HVAC, between 1900-1950, between 6-15, Cisco Certified Network Associate, between 0-5, between 6-20
106, High-Quality Crafters, 822-113-02-01, Ryszard Lewandowski, high-qualitycrafters@gmail.com, 329221427, HVAC, between 1951-1980, over 200, Cisco Certified Network Associate, over 50, between 101-500
107, Great Crafters, 709-439-09-04, Jacek Adamczyk, greatcrafters@gmail.com, 639113191, Renovation, between 2001-2024, over 200, LEED Certification, between 0-5, between 21-100
108, Efficient Design, 982-438-02-04, Nina Jakubowska, efficientdesign@gmail.com, 154618686, Interior Design, between 1981-2000, between 6-15, Cisco Certified Network Associate, between 0-5, between 6-20
109, Eminent Creators, 894-814-04-08, Julian Dabrowski, eminentcreators@gmail.com, 265166736, Electrical, between 1900-1950, between 6-15, First Aid Certification, between 0-5, more than 500
110, Great Prospects, 918-188-08-01, Aleksandra Wozniak, greatprospects@gmail.com, 208239753, HVAC, between 1981-2000, between 6-15, Six Sigma Certification, between 0-5, more than 500
111, Efficient Builders, 296-947-06-09, Arkadiusz Walczak, efficientbuilders@gmail.com, 335415699, Renovation, between 1951-1980, between 50-200, Cisco Certified Network Associate, between 6-15, between 6-20
112, Advanced Remodeling, 943-548-03-05, Kamila Baran, advancedremodeling@gmail.com, 926219370, Painting, between 2001-2024, between 16-50, AWS Certified Solutions Architect, between 0-5, between 21-100
113, Ace Architectural, 137-220-07-02, Amelia Krol, acearchitectural@gmail.com, 718054137, HVAC, between 1981-2000, between 50-200, OSHA 30-Hour Certification, between 0-5, more than 500
114, Craftsman Architectural, 718-689-08-06, Ewelina Kubiak, craftsmanarchitectural@gmail.com, 401835022, Flooring, between 1900-1950, between 50-200, PMP Certification, between 16-50, between 21-100
115, Ace Contractors, 894-724-04-07, Agnieszka Zajac, acecontractors@gmail.com, 862363689, Landscaping, between 1981-2000, between 50-200, LEED Certification, over 50, between 6-20
116, Advanced Architectural, 818-141-08-01, Agnieszka Marciniak, advancedarchitectural@gmail.com, 796812793, Carpentry, between 2001-2024, between 16-50, OSHA 30-Hour Certification, over 50, between 0-5
117, Ace Creations, 940-688-00-06, Rafal Jablonski, acecreations@gmail.com, 328146444, HVAC, between 1900-1950, between 50-200, LEED Certification, between 0-5, between 101-500
118, Professional Structural, 825-875-05-08, Aleksandra Pietrzak, professionalstructural@gmail.com, 220777953, HVAC, between 1951-1980, over 200, OSHA 30-Hour Certification, between 6-15, more than 500
119, Expert Solutions, 335-851-05-08, Adrian Tomczak, expertsolutions@gmail.com, 751598041, Painting, between 1951-1980, over 200, Cisco Certified Network Associate, over 50, between 6-20
120, High-Quality Experts, 308-470-08-04, Mateusz Krol, high-qualityexperts@gmail.com, 198915543, Masonry, between 2001-2024, between 50-200, Certified ScrumMaster, between 16-50, between 101-500
121, Remodeling Pros, 317-285-07-02, Ewelina Kwiatkowska, remodelingpros@gmail.com, 596388115, Painting, between 1981-2000, between 16-50, CompTIA Security+, between 16-50, between 0-5
122, Remodeling Contractors, 188-422-08-04, Adrianna Walczak, remodelingcontractors@gmail.com, 203797232, HVAC, between 1900-1950, between 1-5, AWS Certified Solutions Architect, between 16-50, between 101-500
123, Elite Builders, 314-167-04-01, Dominika Baran, elitebuilders@gmail.com, 736581545, Landscaping, between 1981-2000, between 6-15, AWS Certified Solutions Architect, between 16-50, more than 500
124, Ace Creators, 657-465-07-04, Agnieszka Witkowska, acecreators@gmail.com, 790846708, Electrical, between 1900-1950, between 16-50, LEED Certification, over 50, between 6-20
125, Professional Solutions, 364-739-04-07, Dominika Adamczyk, professionalsolutions@gmail.com, 938014743, Carpentry, between 2001-2024, over 200, EPA Lead-Safe Certification, between 0-5, more than 500
126, Advanced Structural, 481-897-01-08, Julian Witkowski, advancedstructural@gmail.com, 773136328, Renovation, between 1981-2000, between 50-200, First Aid Certification, over 50, between 0-5
127, Golden Hand Designs, 876-537-06-05, Alan Dudek, goldenhanddesigns@gmail.com, 757448747, Plumbing, between 1981-2000, between 1-5, CompTIA Security+, between 16-50, more than 500
128, Construction Builders, 211-394-01-03, Karolina Jasinska, constructionbuilders@gmail.com, 296836668, Plumbing, between 1951-1980, between 1-5, First Aid Certification, over 50, between 0-5
129, Expert Masters, 575-959-05-09, Julian Rutkowski, expertmasters@gmail.com, 194566382, Plumbing, between 1981-2000, between 1-5, AWS Certified Solutions Architect, between 16-50, between 6-20
130, Innovative Builders, 302-968-02-09, Oliwia Michalak, innovativebuilders@gmail.com, 945934055, Carpentry, between 2001-2024, between 50-200, AWS Certified Solutions Architect, between 16-50, between 0-5
131, Remodeling Renovation, 942-882-02-08, Nikola Michalska, remodelingrenovation@gmail.com, 924200558, Carpentry, between 1981-2000, between 6-15, First Aid Certification, over 50, between 0-5
132, Remodeling Construction, 806-430-06-04, Hubert Nowakowski, remodelingconstruction@gmail.com, 913614472, Masonry, between 2001-2024, over 200, Certified ScrumMaster, between 0-5, more than 500
133, Dynamic Excellence, 292-627-02-06, Wiktoria Lis, dynamicexcellence@gmail.com, 464990500, Plumbing, between 1951-1980, between 16-50, AWS Certified Solutions Architect, over 50, more than 500
134, Advanced Solutions, 392-215-02-02, Andrzej Pawlak, advancedsolutions@gmail.com, 471940084, Landscaping, between 1900-1950, over 200, Cisco Certified Network Associate, over 50, between 0-5
135, Exceptional Innovations, 142-149-02-01, Adrianna Krol, exceptionalinnovations@gmail.com, 635530378, Flooring, between 1900-1950, between 1-5, Cisco Certified Network Associate, over 50, between 0-5
136, Construction Crafters, 149-354-09-03, Weronika Szewczyk, constructioncrafters@gmail.com, 603660494, HVAC, between 1951-1980, between 1-5, AWS Certified Solutions Architect, between 6-15, between 0-5
137, Premier Renovators, 789-471-09-04, Beata Zajac, premierrenovators@gmail.com, 441776209, Electrical, between 1900-1950, between 1-5, EPA Lead-Safe Certification, over 50, between 0-5
138, Advanced Creators, 631-709-01-07, Przemyslaw Piotrowski, advancedcreators@gmail.com, 109527941, Masonry, between 1951-1980, over 200, Cisco Certified Network Associate, over 50, between 21-100
139, Elite Projects, 672-544-02-05, Anna Baran, eliteprojects@gmail.com, 541858378, Carpentry, between 1900-1950, between 1-5, Certified ScrumMaster, over 50, between 0-5
140, Exceptional Solutions, 392-225-02-02, Konrad Wisniewski, exceptionalsolutions@gmail.com, 104678257, Masonry, between 2001-2024, between 1-5, Six Sigma Certification, between 0-5, between 0-5
141, Innovative Structural, 209-194-09-01, Leszek Rutkowski, innovativestructural@gmail.com, 708176324, Plumbing, between 1900-1950, between 16-50, EPA Lead-Safe Certification, between 0-5, more than 500
142, Great Renovation, 386-960-06-09, Nikola Kowalska, greatrenovation@gmail.com, 944709304, Renovation, between 1981-2000, between 1-5, PMP Certification, between 6-15, between 21-100
143, Superior Design, 276-394-06-03, Kamila Michalak, superiordesign@gmail.com, 211834186, HVAC, between 1900-1950, between 6-15, Six Sigma Certification, between 16-50, between 6-20
144, Best Designs, 328-492-08-04, Tomasz Krol, bestdesigns@gmail.com, 776161633, Renovation, between 1951-1980, between 16-50, OSHA 30-Hour Certification, between 0-5, between 101-500
145, Top-notch Renovation, 293-671-03-06, Jozef Szymanski, top-notchrenovation@gmail.com, 632695418, Interior Design, between 1981-2000, between 1-5, OSHA 30-Hour Certification, between 16-50, more than 500
146, Expert Works, 929-541-09-05, Mikolaj Majewski, expertworks@gmail.com, 627629480, Masonry, between 1981-2000, between 50-200, AWS Certified Solutions Architect, between 6-15, more than 500
147, Construction Services, 990-826-00-08, Aneta Krawczyk, constructionservices@gmail.com, 669561660, Plumbing, between 1900-1950, between 16-50, LEED Certification, between 6-15, more than 500
148, Leading Builders, 742-815-02-08, Anna Nowak, leadingbuilders@gmail.com, 759336884, Flooring, between 1900-1950, over 200, AWS Certified Solutions Architect, between 6-15, between 101-500
149, Exquisite Builders, 747-766-07-07, Grzegorz Michalski, exquisitebuilders@gmail.com, 975120572, Flooring, between 1981-2000, between 1-5, AWS Certified Solutions Architect, between 16-50, between 101-500
150, Advanced Builders, 846-265-06-02, Arkadiusz Michalak, advancedbuilders@gmail.com, 762947930, Flooring, between 1900-1950, between 16-50, OSHA 30-Hour Certification, between 6-15, between 21-100
151, Advanced Finishing, 571-318-01-03, Izabela Baran, advancedfinishing@gmail.com, 642277540, Painting, between 1981-2000, over 200, CompTIA Security+, over 50, more than 500
152, Ace Works, 180-968-00-09, Anna Wojciechowska, aceworks@gmail.com, 610921403, Carpentry, between 1951-1980, between 16-50, Certified ScrumMaster, over 50, between 0-5
153, Reliable Remodeling, 242-749-02-07, Jakub Kowalczyk, reliableremodeling@gmail.com, 835865011, Masonry, between 2001-2024, between 6-15, PMP Certification, between 16-50, between 0-5
154, Advanced Builders, 405-882-05-08, Jan Tomczak, advancedbuilders@gmail.com, 391557563, Flooring, between 2001-2024, between 6-15, CompTIA Security+, between 16-50, between 21-100
155, Professional Architectural, 458-445-08-04, Urszula Bednarek, professionalarchitectural@gmail.com, 890058570, Landscaping, between 1981-2000, between 1-5, LEED Certification, between 16-50, between 0-5
156, Remodeling Builders, 134-650-04-06, Wiktoria Dudek, remodelingbuilders@gmail.com, 580258090, Interior Design, between 1981-2000, between 6-15, Six Sigma Certification, between 6-15, more than 500
157, Top-notch Creators, 721-943-01-09, Zuzanna Krol, top-notchcreators@gmail.com, 941451265, Painting, between 2001-2024, over 200, Cisco Certified Network Associate, over 50, between 6-20
158, Top-notch Remodeling, 926-414-06-04, Filip Olszewski, top-notchremodeling@gmail.com, 435342458, Interior Design, between 1900-1950, between 16-50, CompTIA Security+, between 6-15, between 101-500
159, Master Works, 176-730-06-07, Emilia Krawczyk, masterworks@gmail.com, 635741755, Flooring, between 1900-1950, between 16-50, Six Sigma Certification, over 50, between 101-500
160, Innovative Builders, 265-191-05-01, Maja Gajewska, innovativebuilders@gmail.com, 291430066, Electrical, between 1900-1950, over 200, Cisco Certified Network Associate, over 50, between 0-5
161, Premier Works, 375-883-05-08, Joanna Adamczyk, premierworks@gmail.com, 158070804, Interior Design, between 1951-1980, between 50-200, Cisco Certified Network Associate, over 50, between 21-100
162, Inspiration Craftsmanship, 987-202-07-02, Amelia Zalewska, inspirationcraftsmanship@gmail.com, 820219728, Interior Design, between 1900-1950, between 50-200, Certified ScrumMaster, between 16-50, between 6-20
163, Master Designs, 312-891-02-08, Dominika Pietrzak, masterdesigns@gmail.com, 547938835, Renovation, between 2001-2024, between 6-15, EPA Lead-Safe Certification, over 50, between 6-20
164, Prime Prospects, 624-171-04-01, Hanna Zajac, primeprospects@gmail.com, 897981912, Masonry, between 1951-1980, over 200, PMP Certification, between 6-15, more than 500
165, Eminent Architectural, 539-742-09-07, Rafal Marciniak, eminentarchitectural@gmail.com, 689319176, Plumbing, between 1900-1950, between 16-50, First Aid Certification, between 0-5, between 6-20
166, Superior Solutions, 704-225-04-02, Nikola Wozniak, superiorsolutions@gmail.com, 581254343, Painting, between 1900-1950, between 6-15, CompTIA Security+, between 6-15, between 101-500
167, Skillful Excellence, 281-207-01-02, Jacek Kaczmarek, skillfulexcellence@gmail.com, 820694428, Interior Design, between 2001-2024, over 200, OSHA 30-Hour Certification, between 16-50, between 21-100
168, Master Excellence, 828-903-08-09, Ewelina Jakubowska, masterexcellence@gmail.com, 734491736, Carpentry, between 1951-1980, between 16-50, LEED Certification, between 6-15, more than 500
169, Exceptional Master, 318-377-08-03, Klaudia Gajewska, exceptionalmaster@gmail.com, 472584329, Flooring, between 1981-2000, between 1-5, First Aid Certification, over 50, more than 500
170, Best Design, 529-662-09-06, Ignacy Wrobel, bestdesign@gmail.com, 325260437, Electrical, between 1951-1980, over 200, CompTIA Security+, between 16-50, between 0-5
171, Inspiration Crafters, 757-642-07-06, Izabela Zalewska, inspirationcrafters@gmail.com, 894360697, Plumbing, between 2001-2024, between 1-5, EPA Lead-Safe Certification, over 50, between 101-500
172, Best Master, 285-638-05-06, Dominika Szymanska, bestmaster@gmail.com, 184164116, HVAC, between 1900-1950, between 16-50, AWS Certified Solutions Architect, between 6-15, between 0-5
173, Top-notch Building, 452-485-02-04, Damian Mazur, top-notchbuilding@gmail.com, 403993009, Renovation, between 1981-2000, between 16-50, AWS Certified Solutions Architect, between 6-15, between 21-100
174, Superior Excellence, 453-745-03-07, Marcin Wozniak, superiorexcellence@gmail.com, 904879965, Renovation, between 2001-2024, between 1-5, First Aid Certification, between 16-50, between 21-100
175, Skillful Works, 230-295-00-02, Marcin Kowalczyk, skillfulworks@gmail.com, 837033247, HVAC, between 1981-2000, over 200, Certified ScrumMaster, between 0-5, between 6-20
176, Majestic Structural, 629-968-09-09, Pawel Kubiak, majesticstructural@gmail.com, 883795423, Renovation, between 1951-1980, between 6-15, Cisco Certified Network Associate, between 6-15, more than 500
177, Dynamic Experts, 255-671-05-06, Pawel Jablonski, dynamicexperts@gmail.com, 245938606, Masonry, between 1981-2000, between 50-200, First Aid Certification, over 50, more than 500
178, Top-notch Builders, 712-329-02-03, Przemyslaw Walczak, top-notchbuilders@gmail.com, 501924499, Carpentry, between 1951-1980, between 50-200, OSHA 30-Hour Certification, between 16-50, between 21-100
179, High-Quality Master, 337-114-07-01, Ewa Gajewska, high-qualitymaster@gmail.com, 955933300, Painting, between 1981-2000, over 200, CompTIA Security+, over 50, between 0-5
180, Ace Excellence, 351-535-01-05, Patrycja Gajewska, aceexcellence@gmail.com, 794482229, Plumbing, between 1981-2000, over 200, AWS Certified Solutions Architect, between 16-50, between 21-100
181, Advanced Experts, 100-777-00-07, Justyna Pietrzak, advancedexperts@gmail.com, 214888332, Masonry, between 1900-1950, between 1-5, AWS Certified Solutions Architect, between 16-50, between 21-100
182, Leading Projects, 437-442-07-04, Tomasz Walczak, leadingprojects@gmail.com, 867038410, HVAC, between 1900-1950, between 16-50, Certified ScrumMaster, over 50, between 101-500
183, Expert Builders, 476-851-06-08, Nadia Gajewska, expertbuilders@gmail.com, 393299943, Flooring, between 1981-2000, between 1-5, EPA Lead-Safe Certification, over 50, between 101-500
184, Ultimate Builders, 927-216-07-02, Martyna Zajac, ultimatebuilders@gmail.com, 742146218, Renovation, between 1951-1980, between 1-5, Six Sigma Certification, between 6-15, more than 500
185, Prime Building, 165-667-05-06, Dominik Marciniak, primebuilding@gmail.com, 842766056, HVAC, between 2001-2024, between 1-5, PMP Certification, between 0-5, between 21-100
186, Great Finishing, 141-702-01-07, Wojciech Wojciechowski, greatfinishing@gmail.com, 565770967, Masonry, between 1900-1950, between 50-200, LEED Certification, between 16-50, between 21-100
187, Advanced Craftsmanship, 941-902-01-09, Maja Grabowska, advancedcraftsmanship@gmail.com, 144234802, Interior Design, between 1981-2000, between 1-5, OSHA 30-Hour Certification, between 6-15, between 6-20
188, Inspiration Building, 726-713-06-07, Magdalena Wisniewska, inspirationbuilding@gmail.com, 323345018, Interior Design, between 1981-2000, between 50-200, EPA Lead-Safe Certification, between 6-15, between 0-5
189, Exquisite Solutions, 705-268-05-02, Kacper Baran, exquisitesolutions@gmail.com, 761104056, Masonry, between 2001-2024, between 16-50, Cisco Certified Network Associate, between 16-50, between 101-500
190, Reliable Works, 141-277-01-02, Adrianna Piotrowska, reliableworks@gmail.com, 945175392, Renovation, between 1900-1950, between 1-5, Cisco Certified Network Associate, between 0-5, between 21-100
191, Superior Building, 260-190-00-01, Przemyslaw Szymanski, superiorbuilding@gmail.com, 548461649, HVAC, between 1951-1980, between 50-200, OSHA 30-Hour Certification, over 50, between 101-500
192, Inspiration Design, 949-143-09-01, Alan Stepien, inspirationdesign@gmail.com, 143084856, Flooring, between 2001-2024, over 200, PMP Certification, between 6-15, between 6-20
193, Expert Architectural, 631-441-01-04, Klaudia Lis, expertarchitectural@gmail.com, 158242372, Plumbing, between 1900-1950, between 50-200, AWS Certified Solutions Architect, between 6-15, between 101-500
194, Golden Hand Excellence, 502-709-02-07, Kamila Mazur, goldenhandexcellence@gmail.com, 507447173, Renovation, between 1900-1950, between 1-5, LEED Certification, between 0-5, between 6-20
195, Premier Contractors, 522-616-02-06, Adrianna Gajewska, premiercontractors@gmail.com, 320413540, Electrical, between 2001-2024, between 6-15, Certified ScrumMaster, between 16-50, between 0-5
196, Skillful Design, 813-786-03-07, Leszek Dabrowski, skillfuldesign@gmail.com, 164305420, Renovation, between 2001-2024, between 50-200, LEED Certification, between 0-5, between 21-100
197, Elite Pros, 887-106-07-01, Oliwia Kowalska, elitepros@gmail.com, 466532638, Electrical, between 1981-2000, between 50-200, Six Sigma Certification, over 50, between 6-20
198, Professional Prospects, 968-709-08-07, Lena Adamczyk, professionalprospects@gmail.com, 270186062, Plumbing, between 1900-1950, between 16-50, CompTIA Security+, between 6-15, more than 500
199, Golden Hand Creators, 539-487-09-04, Nadia Adamczyk, goldenhandcreators@gmail.com, 433699120, HVAC, between 1900-1950, over 200, LEED Certification, between 16-50, between 21-100
200, Leading Structural, 377-817-07-08, Justyna Wlodarczyk, leadingstructural@gmail.com, 214866045, Electrical, between 1900-1950, between 50-200, OSHA 30-Hour Certification, over 50, between 101-500
201, Construction Pros, 937-416-07-04, Natalia Kozlowska, constructionpros@gmail.com, 606529692, HVAC, between 1951-1980, over 200, Certified ScrumMaster, between 16-50, between 101-500
202, Leading Remodeling, 525-681-05-06, Dominika Wlodarczyk, leadingremodeling@gmail.com, 674569549, Carpentry, between 1981-2000, between 16-50, Cisco Certified Network Associate, between 16-50, more than 500
203, Prime Builders, 432-503-02-05, Marzena Nowak, primebuilders@gmail.com, 286438302, Interior Design, between 1951-1980, between 16-50, AWS Certified Solutions Architect, over 50, between 6-20
204, Construction Finishing, 653-693-03-06, Julian Kwiatkowski, constructionfinishing@gmail.com, 716595308, Plumbing, between 1981-2000, between 16-50, EPA Lead-Safe Certification, between 16-50, between 6-20
205, Golden Hand Pros, 691-683-01-06, Monika Pietrzak, goldenhandpros@gmail.com, 995523561, HVAC, between 2001-2024, between 16-50, First Aid Certification, between 0-5, more than 500
206, Prime Craftsmanship, 376-500-06-05, Karol Wisniewski, primecraftsmanship@gmail.com, 254418111, Carpentry, between 1981-2000, between 6-15, PMP Certification, between 6-15, more than 500
207, Ultimate Prospects, 512-503-02-05, Przemyslaw Olszewski, ultimateprospects@gmail.com, 869392508, Flooring, between 1951-1980, between 50-200, Certified ScrumMaster, between 6-15, between 21-100
208, Ace Works, 472-260-02-02, Bartosz Marciniak, aceworks@gmail.com, 346085824, Interior Design, between 1900-1950, between 1-5, CompTIA Security+, between 6-15, between 21-100
209, Advanced Projects, 950-571-00-05, Emilia Nowakowska, advancedprojects@gmail.com, 706728641, Electrical, between 1900-1950, between 50-200, AWS Certified Solutions Architect, between 6-15, between 21-100
210, Innovative Renovators, 581-364-01-03, Jozef Kucharski, innovativerenovators@gmail.com, 992814459, Electrical, between 1981-2000, over 200, AWS Certified Solutions Architect, between 0-5, between 101-500
211, Professional Contractors, 663-644-03-06, Dominik Michalski, professionalcontractors@gmail.com, 863466556, Masonry, between 2001-2024, over 200, CompTIA Security+, between 0-5, between 101-500
212, Ace Design, 271-929-01-09, Konrad Stepien, acedesign@gmail.com, 763379128, HVAC, between 1900-1950, over 200, Certified ScrumMaster, over 50, more than 500
213, Ultimate Structural, 777-949-07-09, Magdalena Witkowska, ultimatestructural@gmail.com, 531645070, Masonry, between 1951-1980, between 16-50, LEED Certification, between 6-15, between 6-20
214, Craftsman Excellence, 386-648-06-06, Adam Dudek, craftsmanexcellence@gmail.com, 947011187, Carpentry, between 1981-2000, between 16-50, CompTIA Security+, between 0-5, between 101-500
215, Advanced Craftsmanship, 666-935-06-09, Anna Zajac, advancedcraftsmanship@gmail.com, 276413753, Plumbing, between 1951-1980, between 50-200, Six Sigma Certification, between 16-50, between 6-20
216, Renovation Creators, 341-111-01-01, Aleksander Marciniak, renovationcreators@gmail.com, 273077718, Renovation, between 1981-2000, between 1-5, LEED Certification, over 50, between 21-100
217, Best Works, 543-951-03-09, Jacek Tomczak, bestworks@gmail.com, 643694873, Carpentry, between 1900-1950, between 1-5, AWS Certified Solutions Architect, between 0-5, between 0-5
218, Superior Renovation, 158-990-08-09, Wiktoria Zalewska, superiorrenovation@gmail.com, 320574926, Renovation, between 1900-1950, over 200, AWS Certified Solutions Architect, over 50, between 6-20
219, Dynamic Construction, 158-472-08-04, Beata Jasinska, dynamicconstruction@gmail.com, 152504652, HVAC, between 2001-2024, between 16-50, PMP Certification, between 0-5, more than 500
220, Best Design, 811-330-01-03, Kamil Witkowski, bestdesign@gmail.com, 804855538, Plumbing, between 1951-1980, between 6-15, First Aid Certification, between 6-15, between 6-20
221, Dynamic Prospects, 315-845-05-08, Tomasz Tomczak, dynamicprospects@gmail.com, 153472800, Masonry, between 1900-1950, between 6-15, CompTIA Security+, between 16-50, between 0-5
222, Professional Craftsmanship, 567-686-07-06, Joanna Bednarek, professionalcraftsmanship@gmail.com, 818586652, HVAC, between 1981-2000, between 16-50, Certified ScrumMaster, between 6-15, between 21-100
223, Prime Craftsmanship, 445-410-05-04, Izabela Szymanska, primecraftsmanship@gmail.com, 638262161, Masonry, between 1951-1980, between 16-50, PMP Certification, between 16-50, between 21-100
224, Construction Structural, 388-775-08-07, Urszula Bednarek, constructionstructural@gmail.com, 743566182, Flooring, between 1900-1950, between 6-15, First Aid Certification, between 0-5, between 0-5
225, Golden Hand Finishing, 400-922-00-09, Krzysztof Wrobel, goldenhandfinishing@gmail.com, 614453301, Plumbing, between 1951-1980, between 50-200, First Aid Certification, between 6-15, between 101-500
226, Renovation Pros, 814-202-04-02, Jakub Krawczyk, renovationpros@gmail.com, 685465564, Painting, between 1981-2000, between 1-5, Certified ScrumMaster, over 50, more than 500
227, Top-notch Masters, 838-767-08-07, Anna Krawczyk, top-notchmasters@gmail.com, 401555246, Electrical, between 1951-1980, between 6-15, OSHA 30-Hour Certification, over 50, more than 500
228, Construction Construction, 880-535-00-05, Nina Lewandowska, constructionconstruction@gmail.com, 613578980, Electrical, between 1951-1980, between 6-15, Certified ScrumMaster, between 0-5, between 6-20
229, Majestic Works, 154-703-04-07, Marta Krawczyk, majesticworks@gmail.com, 474451729, Interior Design, between 1981-2000, over 200, CompTIA Security+, between 6-15, more than 500
230, Dynamic Creations, 467-598-07-05, Przemyslaw Kucharski, dynamiccreations@gmail.com, 111708993, Carpentry, between 1900-1950, between 6-15, AWS Certified Solutions Architect, between 6-15, between 6-20
231, Great Solutions, 786-746-06-07, Paulina Michalak, greatsolutions@gmail.com, 433319092, Flooring, between 1951-1980, between 6-15, Six Sigma Certification, over 50, between 0-5
232, Innovative Builders, 572-406-02-04, Nadia Lewandowska, innovativebuilders@gmail.com, 252005584, Flooring, between 1951-1980, over 200, LEED Certification, between 0-5, more than 500
233, Leading Works, 248-550-08-05, Adrian Wisniewski, leadingworks@gmail.com, 580353985, Electrical, between 2001-2024, between 1-5, EPA Lead-Safe Certification, between 0-5, between 101-500
234, Exceptional Builders, 389-299-09-02, Dawid Adamczyk, exceptionalbuilders@gmail.com, 362857769, Plumbing, between 1951-1980, over 200, Six Sigma Certification, between 0-5, between 101-500
235, Skillful Craftsmanship, 805-514-05-05, Zuzanna Wieczorek, skillfulcraftsmanship@gmail.com, 375547116, Masonry, between 2001-2024, between 50-200, CompTIA Security+, between 0-5, more than 500
236, High-Quality Builders, 767-161-07-01, Zuzanna Wieczorek, high-qualitybuilders@gmail.com, 853187570, Renovation, between 1951-1980, between 50-200, EPA Lead-Safe Certification, between 6-15, between 21-100
237, Premier Architectural, 179-970-09-09, Robert Wrobel, premierarchitectural@gmail.com, 495732775, Electrical, between 2001-2024, between 16-50, Cisco Certified Network Associate, between 16-50, more than 500
238, Prime Excellence, 860-903-00-09, Barbara Olszewska, primeexcellence@gmail.com, 180379150, Interior Design, between 2001-2024, between 50-200, LEED Certification, between 6-15, between 101-500
239, Advanced Works, 231-387-01-03, Arkadiusz Walczak, advancedworks@gmail.com, 303207672, Interior Design, between 1951-1980, over 200, Cisco Certified Network Associate, between 16-50, more than 500
240, Great Finishing, 972-733-02-07, Adrianna Wojciechowska, greatfinishing@gmail.com, 770273512, Landscaping, between 1981-2000, over 200, LEED Certification, between 16-50, between 6-20
241, Construction Projects, 878-543-08-05, Tomasz Witkowski, constructionprojects@gmail.com, 304253091, Renovation, between 1981-2000, between 50-200, Certified ScrumMaster, over 50, more than 500
242, Majestic Services, 612-902-02-09, Elzbieta Krawczyk, majesticservices@gmail.com, 219716438, Flooring, between 1951-1980, between 6-15, LEED Certification, over 50, between 0-5
243, Majestic Builders, 262-512-02-05, lukasz Olszewski, majesticbuilders@gmail.com, 536256552, Interior Design, between 1951-1980, over 200, Cisco Certified Network Associate, between 6-15, between 6-20
244, Top-notch Renovation, 871-327-01-03, Renata Lewandowska, top-notchrenovation@gmail.com, 291998899, Renovation, between 1900-1950, between 50-200, First Aid Certification, over 50, between 6-20
245, Innovative Builders, 417-175-07-01, Elzbieta Jablonska, innovativebuilders@gmail.com, 287038063, HVAC, between 2001-2024, between 1-5, First Aid Certification, between 16-50, between 6-20
246, Top-notch Structural, 417-605-07-06, Kamila Wozniak, top-notchstructural@gmail.com, 595542894, Carpentry, between 2001-2024, between 6-15, EPA Lead-Safe Certification, between 0-5, between 21-100
247, Ultimate Masters, 233-445-03-04, Nikola Jakubowska, ultimatemasters@gmail.com, 522719269, Renovation, between 2001-2024, between 6-15, Certified ScrumMaster, between 0-5, more than 500
248, Efficient Finishing, 733-372-03-03, Amelia Pawlak, efficientfinishing@gmail.com, 336726914, Masonry, between 1981-2000, between 6-15, First Aid Certification, between 6-15, between 6-20
249, Best Excellence, 915-942-05-09, Marzena Kozlowska, bestexcellence@gmail.com, 998956044, Carpentry, between 1900-1950, over 200, EPA Lead-Safe Certification, between 0-5, more than 500
250, Elite Construction, 265-548-05-05, Jozef Michalski, eliteconstruction@gmail.com, 248288810, Painting, between 1951-1980, between 16-50, OSHA 30-Hour Certification, between 16-50, more than 500
251, Craftsman Projects, 390-866-00-08, Klaudia Zielinska, craftsmanprojects@gmail.com, 182965878, Painting, between 2001-2024, between 16-50, Six Sigma Certification, between 16-50, between 0-5
252, Dynamic Construction, 496-720-06-07, Stanislaw Pietrzak, dynamicconstruction@gmail.com, 637574854, Landscaping, between 1900-1950, between 6-15, PMP Certification, between 16-50, more than 500
253, Dynamic Crafters, 466-826-06-08, Bartlomiej Jankowski, dynamiccrafters@gmail.com, 340462030, Electrical, between 2001-2024, between 50-200, OSHA 30-Hour Certification, over 50, between 101-500
254, Skillful Excellence, 759-808-09-08, Wiktoria Dudek, skillfulexcellence@gmail.com, 982781420, Renovation, between 1981-2000, between 50-200, CompTIA Security+, between 6-15, between 6-20
255, Inspiration Renovators, 782-848-02-08, Adrian Wozniak, inspirationrenovators@gmail.com, 733426142, Electrical, between 1981-2000, between 1-5, CompTIA Security+, between 0-5, more than 500
256, Premier Builders, 227-345-07-03, Krzysztof Michalski, premierbuilders@gmail.com, 703504710, Landscaping, between 1951-1980, between 16-50, Cisco Certified Network Associate, between 0-5, between 0-5
257, Master Contractors, 310-504-00-05, Daria Wlodarczyk, mastercontractors@gmail.com, 743910798, Landscaping, between 1981-2000, between 16-50, PMP Certification, between 16-50, between 6-20
258, Prime Builders, 925-328-05-03, Aleksandra Zajac, primebuilders@gmail.com, 781556089, HVAC, between 2001-2024, between 16-50, EPA Lead-Safe Certification, between 6-15, between 6-20
259, Superior Builders, 259-780-09-07, Szymon Piotrowski, superiorbuilders@gmail.com, 833139978, HVAC, between 1981-2000, between 50-200, First Aid Certification, between 6-15, between 101-500
260, Inspiration Remodeling, 489-972-09-09, Przemyslaw Wojcik, inspirationremodeling@gmail.com, 196070664, Flooring, between 1981-2000, between 6-15, Six Sigma Certification, over 50, more than 500
261, Professional Construction, 846-648-06-06, Michal Rutkowski, professionalconstruction@gmail.com, 669905689, Flooring, between 1981-2000, between 6-15, LEED Certification, between 0-5, between 0-5
262, Construction Renovators, 401-397-01-03, Ewa Szymanska, constructionrenovators@gmail.com, 887477869, Carpentry, between 1900-1950, between 50-200, OSHA 30-Hour Certification, over 50, between 101-500
263, High-Quality Structural, 880-611-00-06, Ilona Piotrowska, high-qualitystructural@gmail.com, 630250434, Plumbing, between 2001-2024, between 6-15, PMP Certification, over 50, between 21-100
264, Renovation Builders, 931-161-01-01, Julian Pawlak, renovationbuilders@gmail.com, 758836653, Masonry, between 1951-1980, between 50-200, LEED Certification, between 0-5, between 21-100
265, Great Builders, 422-974-02-09, Ryszard Jablonski, greatbuilders@gmail.com, 160320647, Landscaping, between 2001-2024, between 1-5, AWS Certified Solutions Architect, between 0-5, between 21-100
266, Exceptional Design, 248-921-08-09, Agnieszka Pawlak, exceptionaldesign@gmail.com, 555044931, Carpentry, between 1900-1950, between 6-15, AWS Certified Solutions Architect, over 50, more than 500
267, Golden Hand Solutions, 468-363-08-03, Przemyslaw Grabowski, goldenhandsolutions@gmail.com, 245115602, Painting, between 1981-2000, between 50-200, PMP Certification, between 0-5, more than 500
268, Expert Creations, 646-469-06-04, Wiktoria Wojciechowska, expertcreations@gmail.com, 176437183, Landscaping, between 2001-2024, between 1-5, Certified ScrumMaster, between 6-15, between 6-20
269, Remodeling Construction, 696-317-06-03, Aneta Marciniak, remodelingconstruction@gmail.com, 698916302, HVAC, between 1951-1980, between 1-5, CompTIA Security+, between 16-50, between 101-500
270, Ace Prospects, 909-508-09-05, Monika Piotrowska, aceprospects@gmail.com, 590225713, Landscaping, between 2001-2024, between 50-200, Cisco Certified Network Associate, over 50, between 101-500
271, Best Builders, 483-729-03-07, Hubert Michalski, bestbuilders@gmail.com, 457089693, Masonry, between 1900-1950, between 1-5, Cisco Certified Network Associate, between 0-5, between 21-100
272, Eminent Prospects, 317-356-07-03, Tadeusz Zielinski, eminentprospects@gmail.com, 791426867, HVAC, between 1900-1950, over 200, Six Sigma Certification, over 50, between 21-100
273, High-Quality Works, 703-737-03-07, Joanna Kowalczyk, high-qualityworks@gmail.com, 631115916, Interior Design, between 1981-2000, between 6-15, Six Sigma Certification, between 0-5, more than 500
274, Elite Solutions, 612-784-02-07, Marcin Piotrowski, elitesolutions@gmail.com, 858998097, Renovation, between 1900-1950, between 6-15, AWS Certified Solutions Architect, between 6-15, between 21-100
275, Remodeling Designs, 872-814-02-08, Zuzanna Wojciechowska, remodelingdesigns@gmail.com, 498149214, Renovation, between 1900-1950, between 50-200, EPA Lead-Safe Certification, between 0-5, between 6-20
276, Golden Hand Building, 710-770-00-07, Magdalena Michalak, goldenhandbuilding@gmail.com, 732883035, Interior Design, between 1951-1980, over 200, CompTIA Security+, between 0-5, between 21-100
277, Dynamic Remodeling, 702-963-02-09, Aleksandra Kubiak, dynamicremodeling@gmail.com, 771141154, Painting, between 2001-2024, over 200, EPA Lead-Safe Certification, between 0-5, more than 500
278, Great Remodeling, 421-540-01-05, Adrianna Pietrzak, greatremodeling@gmail.com, 507489089, Plumbing, between 1900-1950, between 16-50, AWS Certified Solutions Architect, between 6-15, between 0-5
279, Elite Works, 237-972-07-09, Oskar Wozniak, eliteworks@gmail.com, 617834172, Masonry, between 1900-1950, between 6-15, CompTIA Security+, between 16-50, between 101-500
280, Dynamic Builders, 635-664-05-06, Radoslaw Nowak, dynamicbuilders@gmail.com, 887654097, Flooring, between 1951-1980, between 16-50, Six Sigma Certification, over 50, between 21-100
281, Construction Structural, 305-989-05-09, Amelia Kubiak, constructionstructural@gmail.com, 723899549, Renovation, between 1900-1950, between 6-15, OSHA 30-Hour Certification, between 6-15, between 21-100
282, Eminent Designs, 336-586-06-05, Aleksander Grabowski, eminentdesigns@gmail.com, 744815653, Interior Design, between 1981-2000, between 1-5, First Aid Certification, over 50, between 0-5
283, Construction Works, 556-867-06-08, Weronika Kwiatkowska, constructionworks@gmail.com, 245126465, Carpentry, between 1900-1950, between 16-50, EPA Lead-Safe Certification, between 6-15, between 21-100
284, Superior Creations, 979-243-09-02, Patryk Kowalski, superiorcreations@gmail.com, 622410219, Carpentry, between 1981-2000, between 16-50, OSHA 30-Hour Certification, between 16-50, between 21-100
285, Leading Crafters, 273-876-03-08, Nadia Lis, leadingcrafters@gmail.com, 370728276, Interior Design, between 1951-1980, between 50-200, CompTIA Security+, between 16-50, between 6-20
286, Expert Remodeling, 522-890-02-08, Agata Kozlowska, expertremodeling@gmail.com, 403964779, Carpentry, between 1900-1950, between 1-5, EPA Lead-Safe Certification, between 16-50, between 21-100
287, High-Quality Structural, 836-863-06-08, Bartlomiej Jankowski, high-qualitystructural@gmail.com, 246976117, Masonry, between 1900-1950, over 200, OSHA 30-Hour Certification, between 16-50, more than 500
288, Innovative Experts, 111-486-01-04, Kamil Wrobel, innovativeexperts@gmail.com, 172795193, Landscaping, between 1951-1980, between 1-5, EPA Lead-Safe Certification, between 0-5, between 6-20
289, Majestic Design, 825-629-05-06, Marta Szymanska, majesticdesign@gmail.com, 940029109, Electrical, between 1900-1950, between 16-50, Certified ScrumMaster, over 50, between 0-5
290, Elite Innovations, 291-123-01-01, Paulina Szymanska, eliteinnovations@gmail.com, 946161448, HVAC, between 2001-2024, between 16-50, EPA Lead-Safe Certification, over 50, between 0-5
291, Top-notch Building, 273-316-03-03, Adrianna Kowalczyk, top-notchbuilding@gmail.com, 729307708, Landscaping, between 1951-1980, between 50-200, AWS Certified Solutions Architect, between 16-50, between 101-500
292, Inspiration Designs, 621-972-01-09, Adam Baran, inspirationdesigns@gmail.com, 110391786, Masonry, between 1951-1980, over 200, AWS Certified Solutions Architect, between 6-15, between 0-5
293, Ace Pros, 176-878-06-08, Katarzyna Dudek, acepros@gmail.com, 748401776, Landscaping, between 2001-2024, between 16-50, Certified ScrumMaster, between 16-50, more than 500
294, Reliable Master, 542-843-02-08, Martyna Walczak, reliablemaster@gmail.com, 905903029, Plumbing, between 1981-2000, between 6-15, PMP Certification, over 50, between 0-5
295, Eminent Builders, 639-551-09-05, Dorota Krol, eminentbuilders@gmail.com, 699365257, Masonry, between 1951-1980, between 6-15, OSHA 30-Hour Certification, over 50, between 0-5
296, High-Quality Contractors, 459-832-09-08, Agnieszka Jasinska, high-qualitycontractors@gmail.com, 733315423, Renovation, between 1981-2000, between 16-50, OSHA 30-Hour Certification, between 6-15, more than 500
297, Ultimate Creations, 173-200-03-02, Leszek Piotrowski, ultimatecreations@gmail.com, 331375798, HVAC, between 1981-2000, between 50-200, CompTIA Security+, over 50, more than 500
298, Exquisite Building, 324-229-04-02, Damian Zalewski, exquisitebuilding@gmail.com, 285040575, Interior Design, between 1981-2000, over 200, First Aid Certification, over 50, between 0-5
299, Eminent Builders, 165-441-05-04, Marcin Pawlak, eminentbuilders@gmail.com, 984021893, Interior Design, between 2001-2024, between 1-5, CompTIA Security+, between 6-15, between 21-100
300, High-Quality Services, 546-730-06-07, Marzena Lis, high-qualityservices@gmail.com, 857218961, HVAC, between 2001-2024, between 1-5, CompTIA Security+, between 16-50, between 6-20
301, Reliable Finishing, 382-878-02-08, Henryk Szymanski, reliablefinishing@gmail.com, 508053096, Interior Design, between 2001-2024, between 6-15, PMP Certification, over 50, more than 500
302, Remodeling Finishing, 383-190-03-01, Rafal Kubiak, remodelingfinishing@gmail.com, 992909517, Landscaping, between 1981-2000, between 6-15, Six Sigma Certification, between 16-50, between 21-100
303, Great Prospects, 270-355-00-03, Wiktoria Jankowska, greatprospects@gmail.com, 784229525, Interior Design, between 2001-2024, between 1-5, OSHA 30-Hour Certification, between 16-50, between 0-5
304, Golden Hand Innovations, 158-405-08-04, Oskar Gajewski, goldenhandinnovations@gmail.com, 881102824, Painting, between 2001-2024, between 6-15, CompTIA Security+, over 50, between 101-500
305, Premier Works, 780-415-00-04, Alan Majewski, premierworks@gmail.com, 789504515, Carpentry, between 2001-2024, between 6-15, LEED Certification, between 6-15, between 21-100
306, Leading Structural, 153-974-03-09, Stanislaw Dabrowski, leadingstructural@gmail.com, 980219627, Flooring, between 1981-2000, between 16-50, PMP Certification, between 6-15, more than 500
307, Exceptional Services, 905-313-05-03, Robert Gajewski, exceptionalservices@gmail.com, 727532729, Painting, between 1981-2000, between 1-5, Cisco Certified Network Associate, between 16-50, between 0-5
308, Dynamic Crafters, 558-573-08-05, Radoslaw Kaminski, dynamiccrafters@gmail.com, 184268804, Painting, between 1900-1950, between 50-200, CompTIA Security+, between 16-50, more than 500
309, Dynamic Contractors, 325-410-05-04, Barbara Dabrowska, dynamiccontractors@gmail.com, 377681975, Masonry, between 1981-2000, between 1-5, OSHA 30-Hour Certification, between 16-50, between 21-100
310, High-Quality Structural, 126-304-06-03, Jan Kowalski, high-qualitystructural@gmail.com, 809396222, Electrical, between 1951-1980, between 6-15, OSHA 30-Hour Certification, between 16-50, between 0-5
311, Golden Hand Renovation, 696-257-06-02, Lena Michalska, goldenhandrenovation@gmail.com, 281106209, Electrical, between 1981-2000, between 16-50, CompTIA Security+, between 0-5, between 101-500
312, Craftsman Designs, 952-268-02-02, Natalia Jakubowska, craftsmandesigns@gmail.com, 539556176, Landscaping, between 1900-1950, over 200, First Aid Certification, between 0-5, between 0-5
313, Remodeling Finishing, 718-342-08-03, Lena Lewandowska, remodelingfinishing@gmail.com, 846393269, Electrical, between 1951-1980, between 1-5, First Aid Certification, between 0-5, more than 500
314, Premier Solutions, 774-563-04-05, Przemyslaw Krol, premiersolutions@gmail.com, 300789431, Plumbing, between 1951-1980, between 1-5, CompTIA Security+, between 0-5, between 0-5
315, Expert Excellence, 432-243-02-02, Sebastian Kwiatkowski, expertexcellence@gmail.com, 602828542, Flooring, between 1900-1950, between 50-200, PMP Certification, between 6-15, between 6-20
316, Reliable Contractors, 395-379-05-03, Michal Marciniak, reliablecontractors@gmail.com, 882036279, Plumbing, between 1900-1950, between 16-50, Cisco Certified Network Associate, between 16-50, more than 500
317, Superior Services, 215-342-05-03, Michal Kwiatkowski, superiorservices@gmail.com, 606024772, Flooring, between 2001-2024, between 16-50, PMP Certification, between 0-5, more than 500
318, Best Experts, 518-686-08-06, Klaudia Wlodarczyk, bestexperts@gmail.com, 360472325, Landscaping, between 1981-2000, between 16-50, Six Sigma Certification, over 50, between 6-20
319, Top-notch Crafters, 720-599-00-05, Karolina Krol, top-notchcrafters@gmail.com, 404422977, Carpentry, between 1951-1980, between 16-50, EPA Lead-Safe Certification, over 50, between 21-100
320, Renovation Design, 985-523-05-05, Jan Kubiak, renovationdesign@gmail.com, 760188533, Painting, between 2001-2024, between 16-50, Six Sigma Certification, over 50, more than 500
321, Prime Finishing, 167-513-07-05, Marcin Nowakowski, primefinishing@gmail.com, 764708803, Masonry, between 1951-1980, over 200, CompTIA Security+, between 6-15, between 21-100
322, Advanced Prospects, 261-398-01-03, Magdalena Pietrzak, advancedprospects@gmail.com, 940055285, Landscaping, between 1900-1950, over 200, CompTIA Security+, over 50, more than 500
323, Elite Builders, 151-682-01-06, Marcin Kozlowski, elitebuilders@gmail.com, 546491228, Painting, between 2001-2024, between 6-15, CompTIA Security+, between 6-15, between 101-500
324, High-Quality Creators, 627-586-07-05, Krzysztof Dabrowski, high-qualitycreators@gmail.com, 787568885, Electrical, between 1981-2000, over 200, OSHA 30-Hour Certification, between 16-50, between 101-500
325, Exquisite Finishing, 690-553-00-05, Robert Kaczmarczyk, exquisitefinishing@gmail.com, 478745098, Electrical, between 1951-1980, between 1-5, EPA Lead-Safe Certification, over 50, between 0-5
326, Top-notch Works, 528-300-08-03, Emilia Wisniewska, top-notchworks@gmail.com, 674246329, Interior Design, between 1981-2000, between 16-50, LEED Certification, between 6-15, between 6-20
327, Construction Innovations, 678-142-08-01, Ewa Krol, constructioninnovations@gmail.com, 796303532, Renovation, between 1900-1950, between 50-200, LEED Certification, between 6-15, between 6-20
328, Reliable Renovation, 290-304-00-03, Kamila Wlodarczyk, reliablerenovation@gmail.com, 902290675, Electrical, between 1981-2000, over 200, LEED Certification, between 16-50, between 0-5
329, Inspiration Builders, 213-963-03-09, Damian Nowak, inspirationbuilders@gmail.com, 157741306, Landscaping, between 1951-1980, between 1-5, AWS Certified Solutions Architect, over 50, between 0-5
330, Inspiration Remodeling, 372-418-02-04, Jan Jasinski, inspirationremodeling@gmail.com, 825692121, Renovation, between 1951-1980, between 50-200, LEED Certification, between 0-5, between 6-20
331, Professional Building, 904-202-04-02, Dawid Baran, professionalbuilding@gmail.com, 386849737, Masonry, between 1951-1980, between 1-5, LEED Certification, over 50, between 6-20
332, Exceptional Builders, 529-984-09-09, Krzysztof Kowalczyk, exceptionalbuilders@gmail.com, 138773700, Interior Design, between 1951-1980, between 6-15, OSHA 30-Hour Certification, over 50, between 101-500
333, Leading Design, 835-355-05-03, Jan Piotrowski, leadingdesign@gmail.com, 291031022, Landscaping, between 1981-2000, between 1-5, LEED Certification, between 0-5, between 6-20
334, Majestic Construction, 852-451-02-04, Marta Zajac, majesticconstruction@gmail.com, 156519830, Flooring, between 1981-2000, between 1-5, CompTIA Security+, between 16-50, between 0-5
335, Great Designs, 481-139-01-01, Amelia Rutkowska, greatdesigns@gmail.com, 896893685, HVAC, between 2001-2024, between 6-15, AWS Certified Solutions Architect, over 50, between 0-5
336, Majestic Crafters, 527-365-07-03, Dominik Piotrowski, majesticcrafters@gmail.com, 318324440, Plumbing, between 1951-1980, between 50-200, Certified ScrumMaster, over 50, more than 500
337, Exceptional Design, 606-886-06-08, Natalia Marciniak, exceptionaldesign@gmail.com, 740451473, Renovation, between 2001-2024, between 50-200, PMP Certification, over 50, more than 500
338, Elite Architectural, 113-348-03-03, Joanna Olszewska, elitearchitectural@gmail.com, 374933369, Flooring, between 2001-2024, between 1-5, LEED Certification, between 16-50, between 21-100
339, Construction Solutions, 494-969-04-09, Grzegorz Pietrzak, constructionsolutions@gmail.com, 209190465, Landscaping, between 1951-1980, between 1-5, EPA Lead-Safe Certification, between 0-5, between 101-500
340, Ultimate Finishing, 508-377-08-03, Jozef Kaminski, ultimatefinishing@gmail.com, 848647732, Interior Design, between 1900-1950, between 50-200, CompTIA Security+, over 50, more than 500
341, Inspiration Pros, 898-619-08-06, Patrycja Wojcik, inspirationpros@gmail.com, 888470828, Plumbing, between 1951-1980, between 1-5, First Aid Certification, between 16-50, between 6-20
342, Best Craftsmanship, 196-251-06-02, Renata Adamczyk, bestcraftsmanship@gmail.com, 801434154, Flooring, between 1900-1950, over 200, OSHA 30-Hour Certification, between 6-15, between 101-500
343, Ace Craftsmanship, 222-259-02-02, Hanna Krol, acecraftsmanship@gmail.com, 274940060, Masonry, between 1981-2000, over 200, AWS Certified Solutions Architect, between 0-5, more than 500
344, Top-notch Contractors, 762-372-02-03, Renata Wrobel, top-notchcontractors@gmail.com, 533089219, HVAC, between 1951-1980, between 16-50, CompTIA Security+, between 16-50, between 21-100
345, High-Quality Solutions, 149-691-09-06, Marzena Lis, high-qualitysolutions@gmail.com, 224599442, Renovation, between 1900-1950, between 1-5, Six Sigma Certification, over 50, between 0-5
346, High-Quality Finishing, 150-475-00-04, Robert Pietrzak, high-qualityfinishing@gmail.com, 441234533, Painting, between 2001-2024, over 200, Cisco Certified Network Associate, between 16-50, between 21-100
347, Best Excellence, 932-615-02-06, Rafal Stepien, bestexcellence@gmail.com, 304343573, Flooring, between 1900-1950, between 16-50, OSHA 30-Hour Certification, between 6-15, between 6-20
348, Inspiration Pros, 408-246-08-02, Nikola Pietrzak, inspirationpros@gmail.com, 115172921, Electrical, between 1981-2000, between 6-15, OSHA 30-Hour Certification, between 0-5, between 6-20
349, Renovation Projects, 726-856-06-08, Kamil Wisniewski, renovationprojects@gmail.com, 559243165, HVAC, between 1900-1950, between 6-15, CompTIA Security+, between 16-50, between 0-5
350, Skillful Architectural, 712-801-02-08, Anna Rutkowska, skillfularchitectural@gmail.com, 236030086, Masonry, between 1900-1950, between 6-15, AWS Certified Solutions Architect, over 50, more than 500
351, Innovative Building, 554-826-04-08, Adrianna Bednarek, innovativebuilding@gmail.com, 125777155, Renovation, between 1951-1980, between 50-200, CompTIA Security+, between 16-50, between 21-100
352, Leading Creations, 192-779-02-07, Jozef Zalewski, leadingcreations@gmail.com, 233207333, HVAC, between 2001-2024, over 200, CompTIA Security+, over 50, between 101-500
353, Professional Design, 554-249-04-02, Dominik Jablonski, professionaldesign@gmail.com, 357317962, Electrical, between 1951-1980, between 6-15, PMP Certification, between 6-15, between 101-500
354, Innovative Building, 128-593-08-05, Urszula Olszewska, innovativebuilding@gmail.com, 363306950, Renovation, between 1900-1950, over 200, PMP Certification, over 50, between 0-5
355, Golden Hand Renovators, 396-567-06-05, Karolina Wojciechowska, goldenhandrenovators@gmail.com, 606802023, Flooring, between 1981-2000, over 200, First Aid Certification, between 6-15, between 101-500
356, Golden Hand Architectural, 202-958-02-09, Paulina Krol, goldenhandarchitectural@gmail.com, 727950450, Plumbing, between 2001-2024, between 1-5, Six Sigma Certification, between 6-15, more than 500
357, Efficient Craftsmanship, 664-204-04-02, Jakub Mazur, efficientcraftsmanship@gmail.com, 655458570, Landscaping, between 2001-2024, between 1-5, PMP Certification, over 50, more than 500
358, Eminent Craftsmanship, 438-982-08-09, Patryk Baran, eminentcraftsmanship@gmail.com, 882114039, Electrical, between 2001-2024, between 16-50, Six Sigma Certification, over 50, between 0-5
359, Reliable Builders, 423-549-03-05, Hanna Pietrzak, reliablebuilders@gmail.com, 553461628, Interior Design, between 1900-1950, over 200, LEED Certification, between 6-15, more than 500
360, Craftsman Designs, 914-100-04-01, Przemyslaw Wojcik, craftsmandesigns@gmail.com, 240079620, Carpentry, between 1951-1980, between 1-5, CompTIA Security+, over 50, between 0-5
361, Professional Masters, 152-684-02-06, Agnieszka Michalak, professionalmasters@gmail.com, 982028311, Electrical, between 1951-1980, between 16-50, First Aid Certification, between 16-50, between 21-100
362, Craftsman Solutions, 560-505-00-05, Ignacy Majewski, craftsmansolutions@gmail.com, 977705444, Masonry, between 1951-1980, between 1-5, Cisco Certified Network Associate, between 16-50, between 6-20
363, Inspiration Builders, 491-882-01-08, Tomasz Zajac, inspirationbuilders@gmail.com, 397971122, Plumbing, between 2001-2024, over 200, EPA Lead-Safe Certification, over 50, between 6-20
364, Skillful Masters, 308-349-08-03, Szymon Pietrzak, skillfulmasters@gmail.com, 360737804, Carpentry, between 1951-1980, between 16-50, EPA Lead-Safe Certification, over 50, between 0-5
365, Prime Excellence, 523-450-03-04, Barbara Baran, primeexcellence@gmail.com, 416170182, Landscaping, between 1981-2000, between 1-5, First Aid Certification, over 50, between 6-20
366, Ace Pros, 483-248-03-02, Aneta Rutkowska, acepros@gmail.com, 842566993, Electrical, between 1900-1950, between 1-5, CompTIA Security+, between 16-50, between 101-500
367, Exquisite Excellence, 716-486-06-04, Hubert Zalewski, exquisiteexcellence@gmail.com, 634948347, Interior Design, between 2001-2024, between 50-200, Certified ScrumMaster, between 16-50, between 6-20
368, Elite Craftsmanship, 371-669-01-06, Beata Wlodarczyk, elitecraftsmanship@gmail.com, 243796465, Landscaping, between 1951-1980, between 6-15, Certified ScrumMaster, over 50, between 6-20
369, Master Solutions, 881-840-01-08, Przemyslaw Stepien, mastersolutions@gmail.com, 689925010, Plumbing, between 1900-1950, between 6-15, Six Sigma Certification, between 0-5, between 101-500
370, Advanced Experts, 996-596-06-05, Katarzyna Mazur, advancedexperts@gmail.com, 597187145, Carpentry, between 1900-1950, between 50-200, Cisco Certified Network Associate, between 6-15, between 101-500
371, Premier Contractors, 749-430-09-04, Hubert Baran, premiercontractors@gmail.com, 876789564, Electrical, between 1951-1980, between 16-50, LEED Certification, between 0-5, between 21-100
372, Leading Renovation, 665-204-05-02, Marzena Nowak, leadingrenovation@gmail.com, 120790900, Plumbing, between 1900-1950, between 1-5, CompTIA Security+, over 50, between 6-20
373, Expert Structural, 519-770-09-07, Joanna Witkowska, expertstructural@gmail.com, 313738678, Masonry, between 1900-1950, between 1-5, Six Sigma Certification, between 0-5, between 6-20
374, Eminent Works, 523-793-03-07, Szymon Piotrowski, eminentworks@gmail.com, 133015118, Painting, between 1951-1980, over 200, Six Sigma Certification, between 16-50, between 6-20
375, Best Design, 491-981-01-09, Julia Marciniak, bestdesign@gmail.com, 938872630, Landscaping, between 2001-2024, between 16-50, LEED Certification, between 6-15, between 0-5
376, Renovation Contractors, 651-868-01-08, Emilia Szewczyk, renovationcontractors@gmail.com, 344314505, Carpentry, between 2001-2024, between 6-15, LEED Certification, over 50, between 101-500
377, Innovative Builders, 408-657-08-06, Kamila Jankowska, innovativebuilders@gmail.com, 865857242, Renovation, between 1900-1950, over 200, AWS Certified Solutions Architect, between 16-50, between 0-5
378, Prime Solutions, 785-727-05-07, Artur Wrobel, primesolutions@gmail.com, 776926411, Masonry, between 1951-1980, between 6-15, Six Sigma Certification, over 50, between 21-100
379, Golden Hand Experts, 432-799-02-07, Ilona Wisniewska, goldenhandexperts@gmail.com, 215628148, HVAC, between 1951-1980, between 6-15, EPA Lead-Safe Certification, over 50, between 21-100
380, Innovative Construction, 398-422-08-04, Ewelina Szewczyk, innovativeconstruction@gmail.com, 925723471, Carpentry, between 1900-1950, between 50-200, Cisco Certified Network Associate, between 0-5, more than 500
381, Dynamic Works, 779-683-09-06, Martyna Pietrzak, dynamicworks@gmail.com, 683454962, Painting, between 1981-2000, over 200, OSHA 30-Hour Certification, over 50, between 21-100
382, Professional Renovators, 540-399-00-03, Aneta Michalska, professionalrenovators@gmail.com, 290824266, Plumbing, between 1951-1980, between 6-15, CompTIA Security+, between 0-5, more than 500
383, Elite Contractors, 932-994-02-09, Julian Lewandowski, elitecontractors@gmail.com, 346532345, HVAC, between 1951-1980, between 1-5, EPA Lead-Safe Certification, between 16-50, between 21-100
384, Craftsman Renovators, 480-679-00-06, Kinga Jakubowska, craftsmanrenovators@gmail.com, 163454074, Masonry, between 2001-2024, between 50-200, PMP Certification, over 50, between 6-20
385, Skillful Renovation, 680-863-00-08, Kamil Szewczyk, skillfulrenovation@gmail.com, 714918083, Renovation, between 1951-1980, between 1-5, Six Sigma Certification, over 50, between 21-100
386, Superior Craftsmanship, 512-467-02-04, Bartlomiej Jablonski, superiorcraftsmanship@gmail.com, 226072344, HVAC, between 1900-1950, between 6-15, Certified ScrumMaster, over 50, between 21-100
387, Professional Works, 375-179-05-01, Adrianna Rutkowska, professionalworks@gmail.com, 420161178, HVAC, between 2001-2024, between 1-5, Six Sigma Certification, over 50, between 6-20
388, Remodeling Designs, 917-195-07-01, Alicja Walczak, remodelingdesigns@gmail.com, 420443420, Plumbing, between 1981-2000, between 6-15, OSHA 30-Hour Certification, between 6-15, between 21-100
389, Top-notch Creations, 160-177-00-01, Robert Wlodarczyk, top-notchcreations@gmail.com, 113371741, Carpentry, between 2001-2024, over 200, Certified ScrumMaster, over 50, between 101-500
390, Exceptional Renovators, 632-922-02-09, Ignacy Marciniak, exceptionalrenovators@gmail.com, 646455871, Landscaping, between 1951-1980, between 16-50, AWS Certified Solutions Architect, over 50, between 101-500
391, Construction Works, 856-182-06-01, Hubert Kowalski, constructionworks@gmail.com, 943556246, Carpentry, between 2001-2024, between 50-200, AWS Certified Solutions Architect, between 16-50, between 6-20
392, Advanced Works, 444-192-04-01, Patryk Wrobel, advancedworks@gmail.com, 842338063, Flooring, between 1981-2000, between 6-15, CompTIA Security+, between 6-15, between 101-500
393, Superior Construction, 810-475-00-04, Pawel Rutkowski, superiorconstruction@gmail.com, 105111991, Plumbing, between 1900-1950, between 50-200, Certified ScrumMaster, between 0-5, between 101-500
394, Craftsman Experts, 856-281-06-02, Krzysztof Jakubowski, craftsmanexperts@gmail.com, 485540292, Electrical, between 2001-2024, between 6-15, First Aid Certification, between 0-5, between 101-500
395, Ultimate Excellence, 105-808-05-08, Kamil Rutkowski, ultimateexcellence@gmail.com, 471419445, Renovation, between 1900-1950, between 1-5, EPA Lead-Safe Certification, between 6-15, between 6-20
396, Exquisite Creations, 130-399-00-03, Paulina Pawlak, exquisitecreations@gmail.com, 223704751, HVAC, between 1981-2000, between 6-15, CompTIA Security+, between 6-15, between 0-5
397, Construction Builders, 374-816-04-08, Daria Nowakowska, constructionbuilders@gmail.com, 659283143, HVAC, between 2001-2024, between 16-50, CompTIA Security+, between 6-15, between 101-500
398, Innovative Prospects, 857-586-07-05, Ignacy Dabrowski, innovativeprospects@gmail.com, 183742056, Plumbing, between 1981-2000, between 6-15, AWS Certified Solutions Architect, between 0-5, between 6-20
399, Renovation Builders, 986-259-06-02, Michal Wojciechowski, renovationbuilders@gmail.com, 292739480, Landscaping, between 1900-1950, between 1-5, EPA Lead-Safe Certification, between 0-5, between 0-5
400, Prime Design, 318-501-08-05, Artur Kubiak, primedesign@gmail.com, 147214994, Plumbing, between 1981-2000, over 200, PMP Certification, between 0-5, between 6-20
401, Eminent Renovation, 691-436-01-04, Martyna Wrobel, eminentrenovation@gmail.com, 710589272, Carpentry, between 1981-2000, between 16-50, LEED Certification, between 0-5, between 21-100
402, Advanced Masters, 935-771-05-07, Jan Jasinski, advancedmasters@gmail.com, 310017713, Renovation, between 1951-1980, over 200, Certified ScrumMaster, between 16-50, between 101-500
403, Remodeling Projects, 328-734-08-07, Paulina Rutkowska, remodelingprojects@gmail.com, 187580060, Painting, between 1951-1980, between 16-50, Cisco Certified Network Associate, between 0-5, between 6-20
404, Majestic Solutions, 893-833-03-08, Nadia Lewandowska, majesticsolutions@gmail.com, 697499640, Electrical, between 1900-1950, between 50-200, LEED Certification, between 6-15, more than 500
405, Premier Renovators, 128-205-08-02, Dominika Lis, premierrenovators@gmail.com, 535682546, Electrical, between 1981-2000, over 200, Cisco Certified Network Associate, between 6-15, between 21-100
406, Ultimate Finishing, 704-344-04-03, Andrzej Michalak, ultimatefinishing@gmail.com, 572556857, Carpentry, between 1900-1950, over 200, LEED Certification, between 16-50, between 6-20
407, Majestic Structural, 504-599-04-05, Gabriela Krol, majesticstructural@gmail.com, 662273664, HVAC, between 1951-1980, between 1-5, EPA Lead-Safe Certification, between 6-15, between 101-500
408, Exceptional Structural, 762-344-02-03, Oskar Szewczyk, exceptionalstructural@gmail.com, 874135447, Plumbing, between 1900-1950, between 6-15, LEED Certification, over 50, between 0-5
409, Master Contractors, 913-872-03-08, Jan Wozniak, mastercontractors@gmail.com, 620163939, Masonry, between 1900-1950, between 1-5, Six Sigma Certification, between 16-50, between 101-500
410, Ultimate Creators, 791-537-01-05, Artur Lewandowski, ultimatecreators@gmail.com, 227826053, Landscaping, between 2001-2024, between 50-200, Six Sigma Certification, over 50, more than 500
411, Best Prospects, 753-387-03-03, Radoslaw Pietrzak, bestprospects@gmail.com, 205660796, Carpentry, between 1900-1950, between 50-200, EPA Lead-Safe Certification, between 6-15, more than 500
412, Craftsman Experts, 137-782-07-07, Mateusz Wojcik, craftsmanexperts@gmail.com, 466953505, Masonry, between 1900-1950, between 6-15, Six Sigma Certification, over 50, between 0-5
413, Professional Builders, 259-335-09-03, Jozef Wojciechowski, professionalbuilders@gmail.com, 697559889, Electrical, between 1900-1950, over 200, Certified ScrumMaster, over 50, more than 500
414, Top-notch Prospects, 912-984-02-09, Dawid Michalski, top-notchprospects@gmail.com, 407914144, Painting, between 1951-1980, between 6-15, Six Sigma Certification, between 6-15, between 21-100
415, Top-notch Works, 652-488-02-04, Alicja Szymanska, top-notchworks@gmail.com, 245897946, Landscaping, between 1900-1950, between 6-15, PMP Certification, between 6-15, more than 500
416, Leading Builders, 458-467-08-04, Elzbieta Adamczyk, leadingbuilders@gmail.com, 605462801, Flooring, between 1981-2000, between 50-200, LEED Certification, over 50, between 6-20
417, Eminent Builders, 986-963-06-09, Wojciech Piotrowski, eminentbuilders@gmail.com, 224681149, Masonry, between 1951-1980, between 50-200, LEED Certification, between 16-50, between 0-5
418, Exceptional Renovators, 984-759-04-07, Julia Kozlowska, exceptionalrenovators@gmail.com, 694965543, Landscaping, between 1900-1950, between 1-5, CompTIA Security+, over 50, more than 500
419, Superior Creations, 118-660-08-06, Urszula Zajac, superiorcreations@gmail.com, 220859884, Plumbing, between 1900-1950, between 6-15, Cisco Certified Network Associate, between 0-5, more than 500
420, Eminent Works, 669-827-09-08, Aneta Krawczyk, eminentworks@gmail.com, 719933142, Masonry, between 1981-2000, between 16-50, Cisco Certified Network Associate, between 6-15, between 6-20
421, Golden Hand Excellence, 263-895-03-08, Hanna Lewandowska, goldenhandexcellence@gmail.com, 316310007, Plumbing, between 1981-2000, between 1-5, Six Sigma Certification, between 0-5, more than 500
422, Advanced Pros, 624-164-04-01, Mikolaj Jankowski, advancedpros@gmail.com, 633702779, Painting, between 1900-1950, between 6-15, EPA Lead-Safe Certification, over 50, between 101-500
423, Master Designs, 555-697-05-06, Robert Kozlowski, masterdesigns@gmail.com, 112034009, Plumbing, between 1981-2000, between 50-200, Cisco Certified Network Associate, between 0-5, between 6-20
424, Skillful Works, 676-379-06-03, Arkadiusz Pietrzak, skillfulworks@gmail.com, 446933031, HVAC, between 1981-2000, between 6-15, AWS Certified Solutions Architect, between 16-50, between 0-5
425, Exceptional Solutions, 984-777-04-07, Mikolaj Kaczmarek, exceptionalsolutions@gmail.com, 792057686, Carpentry, between 1900-1950, between 6-15, Six Sigma Certification, over 50, between 101-500
426, Expert Architectural, 810-292-00-02, Renata Wieczorek, expertarchitectural@gmail.com, 248854958, Painting, between 1951-1980, between 1-5, CompTIA Security+, over 50, more than 500
427, Leading Builders, 236-326-06-03, Marta Wojciechowska, leadingbuilders@gmail.com, 696423438, Interior Design, between 1951-1980, between 6-15, Cisco Certified Network Associate, over 50, more than 500
428, Exceptional Works, 592-180-02-01, Izabela Dudek, exceptionalworks@gmail.com, 915638437, Masonry, between 1981-2000, between 16-50, Cisco Certified Network Associate, between 16-50, between 21-100
429, Professional Crafters, 929-871-09-08, Krzysztof Jankowski, professionalcrafters@gmail.com, 481017034, Masonry, between 2001-2024, between 6-15, EPA Lead-Safe Certification, between 6-15, between 0-5
430, Renovation Master, 342-388-02-03, Piotr Gajewski, renovationmaster@gmail.com, 218862617, Masonry, between 1900-1950, over 200, First Aid Certification, between 6-15, between 101-500
431, Expert Craftsmanship, 386-153-06-01, Izabela Wieczorek, expertcraftsmanship@gmail.com, 965875460, Landscaping, between 1900-1950, over 200, PMP Certification, over 50, between 0-5
432, Exquisite Innovations, 728-949-08-09, Radoslaw Michalak, exquisiteinnovations@gmail.com, 528134764, Painting, between 1900-1950, between 16-50, CompTIA Security+, between 6-15, between 101-500
433, Innovative Works, 216-343-06-03, Ewa Pawlak, innovativeworks@gmail.com, 763104783, Interior Design, between 1951-1980, between 6-15, OSHA 30-Hour Certification, between 16-50, between 6-20
434, Skillful Creators, 922-788-02-07, Daria Szymanska, skillfulcreators@gmail.com, 170297363, Flooring, between 2001-2024, between 50-200, OSHA 30-Hour Certification, between 6-15, more than 500
435, Expert Construction, 438-541-08-05, Krzysztof Kucharski, expertconstruction@gmail.com, 953221927, Landscaping, between 1951-1980, between 1-5, First Aid Certification, between 16-50, between 101-500
436, Superior Services, 269-395-09-03, Jacek Wlodarczyk, superiorservices@gmail.com, 129461857, Masonry, between 1900-1950, between 6-15, Certified ScrumMaster, between 16-50, more than 500
437, Leading Renovation, 626-121-06-01, Weronika Rutkowska, leadingrenovation@gmail.com, 509306776, Renovation, between 1951-1980, between 16-50, Six Sigma Certification, over 50, between 6-20
438, Top-notch Excellence, 966-484-06-04, Aleksander Kubiak, top-notchexcellence@gmail.com, 966825291, HVAC, between 1951-1980, between 1-5, CompTIA Security+, between 6-15, more than 500
439, Master Master, 398-245-08-02, Wiktoria Dabrowska, mastermaster@gmail.com, 239879369, Renovation, between 1951-1980, over 200, Cisco Certified Network Associate, between 6-15, between 21-100
440, Ace Renovation, 630-470-00-04, Dominika Szewczyk, acerenovation@gmail.com, 803297490, Masonry, between 1981-2000, between 6-15, LEED Certification, between 6-15, between 101-500
441, Remodeling Remodeling, 195-315-05-03, Oskar Kucharski, remodelingremodeling@gmail.com, 647332766, Flooring, between 2001-2024, between 6-15, OSHA 30-Hour Certification, between 6-15, between 6-20
442, Elite Masters, 722-189-02-01, Artur Piotrowski, elitemasters@gmail.com, 169754624, Landscaping, between 2001-2024, between 1-5, PMP Certification, between 0-5, between 101-500
443, Advanced Services, 883-575-03-05, Maja Kowalczyk, advancedservices@gmail.com, 853848090, Painting, between 1900-1950, over 200, EPA Lead-Safe Certification, between 16-50, between 101-500
444, Master Solutions, 661-895-01-08, Marta Rutkowska, mastersolutions@gmail.com, 407402229, Masonry, between 1981-2000, between 1-5, Certified ScrumMaster, between 16-50, between 101-500
445, Eminent Construction, 409-814-09-08, Konrad Tomczak, eminentconstruction@gmail.com, 173600867, Flooring, between 1900-1950, between 6-15, LEED Certification, between 6-15, more than 500
446, Premier Creations, 229-480-09-04, Nikola Krol, premiercreations@gmail.com, 569313623, Renovation, between 2001-2024, between 50-200, Cisco Certified Network Associate, between 6-15, between 6-20
447, Eminent Builders, 697-129-07-01, Damian Kaczmarczyk, eminentbuilders@gmail.com, 975189388, Electrical, between 1900-1950, between 50-200, Six Sigma Certification, between 6-15, between 6-20
448, Leading Building, 854-276-04-02, Zuzanna Baran, leadingbuilding@gmail.com, 734748059, HVAC, between 1951-1980, between 6-15, LEED Certification, over 50, between 0-5
449, High-Quality Innovations, 554-403-04-04, Maria Walczak, high-qualityinnovations@gmail.com, 740387610, Painting, between 1900-1950, between 50-200, Six Sigma Certification, between 6-15, between 0-5
450, Exquisite Design, 657-298-07-02, Grzegorz Kaczmarek, exquisitedesign@gmail.com, 822986299, Painting, between 2001-2024, over 200, CompTIA Security+, between 16-50, between 0-5
451, Exceptional Remodeling, 685-663-05-06, Sylwia Krol, exceptionalremodeling@gmail.com, 874092090, Masonry, between 1951-1980, between 16-50, PMP Certification, between 16-50, between 0-5
452, Efficient Architectural, 253-533-03-05, Maja Nowak, efficientarchitectural@gmail.com, 673484107, Landscaping, between 1900-1950, over 200, OSHA 30-Hour Certification, between 0-5, between 6-20
453, Reliable Finishing, 778-924-08-09, Grzegorz Kwiatkowski, reliablefinishing@gmail.com, 557803389, Carpentry, between 1981-2000, between 16-50, CompTIA Security+, over 50, between 21-100
454, Craftsman Creations, 336-510-06-05, Daria Zielinska, craftsmancreations@gmail.com, 741653747, Interior Design, between 2001-2024, between 50-200, Six Sigma Certification, between 0-5, more than 500
455, Exquisite Renovators, 523-226-03-02, Wojciech Mazur, exquisiterenovators@gmail.com, 746273072, Masonry, between 1900-1950, between 16-50, First Aid Certification, between 6-15, between 21-100
456, Prime Solutions, 298-532-08-05, Zuzanna Kozlowska, primesolutions@gmail.com, 682972136, Renovation, between 1981-2000, between 6-15, CompTIA Security+, between 6-15, more than 500
457, Premier Renovation, 408-320-08-03, Pawel Zielinski, premierrenovation@gmail.com, 816306668, Carpentry, between 1900-1950, between 6-15, Certified ScrumMaster, between 6-15, between 21-100
458, Renovation Designs, 981-911-01-09, Wojciech Wojciechowski, renovationdesigns@gmail.com, 625256716, Carpentry, between 1981-2000, between 50-200, OSHA 30-Hour Certification, between 6-15, between 101-500
459, Master Excellence, 117-527-07-05, Katarzyna Wlodarczyk, masterexcellence@gmail.com, 226951948, Landscaping, between 1981-2000, between 1-5, AWS Certified Solutions Architect, between 16-50, between 0-5
460, Expert Works, 388-659-08-06, Andrzej Baran, expertworks@gmail.com, 584381426, Plumbing, between 1900-1950, between 1-5, CompTIA Security+, over 50, between 21-100
461, Superior Renovators, 434-244-04-02, Patrycja Walczak, superiorrenovators@gmail.com, 359112225, HVAC, between 1981-2000, over 200, AWS Certified Solutions Architect, between 6-15, between 101-500
462, Premier Finishing, 658-358-08-03, Dawid Dudek, premierfinishing@gmail.com, 703865117, Electrical, between 1981-2000, between 50-200, First Aid Certification, between 0-5, between 0-5
463, Inspiration Structural, 252-496-02-04, Damian Kaczmarczyk, inspirationstructural@gmail.com, 896099830, Flooring, between 2001-2024, between 1-5, PMP Certification, over 50, between 101-500
464, Construction Design, 415-614-05-06, Adrianna Tomczak, constructiondesign@gmail.com, 413216565, Carpentry, between 1900-1950, between 50-200, CompTIA Security+, between 6-15, between 6-20
465, High-Quality Designs, 231-724-01-07, Aleksandra Dabrowska, high-qualitydesigns@gmail.com, 334786282, HVAC, between 1981-2000, over 200, OSHA 30-Hour Certification, between 16-50, between 21-100
466, Reliable Contractors, 863-351-03-03, Artur Zielinski, reliablecontractors@gmail.com, 486422887, HVAC, between 2001-2024, between 50-200, LEED Certification, between 6-15, more than 500
467, Elite Projects, 909-749-09-07, Szymon Wlodarczyk, eliteprojects@gmail.com, 126186229, Painting, between 1951-1980, over 200, Six Sigma Certification, between 16-50, between 101-500
468, Ace Works, 970-135-00-01, Krzysztof Kowalski, aceworks@gmail.com, 847643711, Painting, between 1981-2000, between 6-15, AWS Certified Solutions Architect, over 50, between 6-20
469, High-Quality Design, 519-397-09-03, Julian Zajac, high-qualitydesign@gmail.com, 157906675, Plumbing, between 1900-1950, over 200, Six Sigma Certification, over 50, between 21-100
470, Leading Builders, 784-726-04-07, Dominika Tomczak, leadingbuilders@gmail.com, 586847000, Interior Design, between 1900-1950, over 200, Six Sigma Certification, between 16-50, between 6-20
471, Innovative Experts, 982-667-02-06, Aleksander Pietrzak, innovativeexperts@gmail.com, 622859009, Electrical, between 1951-1980, between 16-50, LEED Certification, over 50, between 101-500
472, Exquisite Architectural, 456-526-06-05, Alan Szymanski, exquisitearchitectural@gmail.com, 787362363, Flooring, between 1981-2000, between 6-15, First Aid Certification, between 6-15, between 101-500
473, Elite Builders, 173-103-03-01, Adrianna Olszewska, elitebuilders@gmail.com, 708637515, Electrical, between 1981-2000, over 200, First Aid Certification, between 0-5, more than 500
474, Construction Works, 994-284-04-02, Nadia Nowak, constructionworks@gmail.com, 930739116, Flooring, between 1951-1980, between 1-5, PMP Certification, between 0-5, more than 500
475, Best Design, 466-385-06-03, Martyna Marciniak, bestdesign@gmail.com, 487162329, Carpentry, between 2001-2024, between 50-200, Certified ScrumMaster, between 0-5, between 0-5
476, Superior Designs, 943-412-03-04, Adam Zielinski, superiordesigns@gmail.com, 918145876, Flooring, between 1951-1980, between 6-15, PMP Certification, over 50, between 21-100
477, Advanced Architectural, 990-189-00-01, Karol Olszewski, advancedarchitectural@gmail.com, 485055309, Interior Design, between 2001-2024, over 200, Certified ScrumMaster, over 50, between 6-20
478, Expert Renovation, 706-762-06-07, Alicja Dudek, expertrenovation@gmail.com, 323186825, Interior Design, between 1900-1950, between 1-5, CompTIA Security+, over 50, between 6-20
479, Construction Solutions, 769-551-09-05, Andrzej Kucharski, constructionsolutions@gmail.com, 600021356, Interior Design, between 1900-1950, between 6-15, Six Sigma Certification, between 6-15, between 6-20
480, Expert Master, 339-632-09-06, Wojciech Witkowski, expertmaster@gmail.com, 289309050, Interior Design, between 2001-2024, between 6-15, PMP Certification, between 6-15, between 6-20
481, Inspiration Structural, 638-657-08-06, Tomasz Wozniak, inspirationstructural@gmail.com, 660117496, Electrical, between 1981-2000, between 1-5, Six Sigma Certification, over 50, between 6-20
482, Advanced Renovation, 274-753-04-07, Sebastian Pietrzak, advancedrenovation@gmail.com, 344961204, Painting, between 1951-1980, between 16-50, Certified ScrumMaster, between 0-5, between 21-100
483, Efficient Innovations, 626-377-06-03, Marta Kaminska, efficientinnovations@gmail.com, 915087286, Flooring, between 1900-1950, between 6-15, EPA Lead-Safe Certification, between 0-5, between 0-5
484, Great Solutions, 970-679-00-06, Rafal Walczak, greatsolutions@gmail.com, 684603413, Carpentry, between 1900-1950, between 16-50, CompTIA Security+, between 16-50, between 6-20
485, Superior Design, 880-989-00-09, Alan Kozlowski, superiordesign@gmail.com, 301341183, Masonry, between 2001-2024, between 1-5, First Aid Certification, between 0-5, more than 500
486, Prime Pros, 973-475-03-04, Adrianna Michalak, primepros@gmail.com, 718198279, Painting, between 1900-1950, between 1-5, Cisco Certified Network Associate, over 50, between 6-20
487, Renovation Renovators, 640-458-00-04, Monika Jasinska, renovationrenovators@gmail.com, 567695968, Electrical, between 1900-1950, between 1-5, PMP Certification, over 50, between 101-500
488, Eminent Excellence, 834-328-04-03, Beata Walczak, eminentexcellence@gmail.com, 218453186, Carpentry, between 1900-1950, between 6-15, LEED Certification, between 6-15, between 0-5
489, Ace Contractors, 423-268-03-02, Izabela Wisniewska, acecontractors@gmail.com, 193092505, Flooring, between 2001-2024, over 200, PMP Certification, between 0-5, between 101-500
490, Remodeling Master, 276-793-06-07, Aleksandra Dudek, remodelingmaster@gmail.com, 912831387, Masonry, between 1981-2000, over 200, CompTIA Security+, between 0-5, between 6-20
491, Premier Contractors, 125-850-05-08, Marcin Kwiatkowski, premiercontractors@gmail.com, 854093676, Landscaping, between 1981-2000, between 16-50, Six Sigma Certification, between 16-50, more than 500
492, Professional Excellence, 377-278-07-02, Julia Wrobel, professionalexcellence@gmail.com, 288765339, HVAC, between 1900-1950, between 6-15, PMP Certification, between 16-50, between 6-20
493, Advanced Renovators, 941-651-01-06, Leszek Kaczmarczyk, advancedrenovators@gmail.com, 830301124, Electrical, between 1981-2000, between 16-50, First Aid Certification, over 50, more than 500
494, Advanced Renovators, 214-998-04-09, Karol Lewandowski, advancedrenovators@gmail.com, 943342558, Plumbing, between 1951-1980, between 16-50, EPA Lead-Safe Certification, between 6-15, between 101-500
495, Craftsman Construction, 986-983-06-09, Oskar Michalski, craftsmanconstruction@gmail.com, 488069823, Renovation, between 1951-1980, between 16-50, LEED Certification, over 50, between 101-500
496, Remodeling Building, 536-123-06-01, Arkadiusz Michalak, remodelingbuilding@gmail.com, 495742589, Masonry, between 1951-1980, between 50-200, LEED Certification, between 6-15, more than 500
497, Ace Remodeling, 626-498-06-04, Andrzej Olszewski, aceremodeling@gmail.com, 310071737, Painting, between 1951-1980, between 50-200, EPA Lead-Safe Certification, between 6-15, more than 500
498, Premier Crafters, 513-919-03-09, Oskar Szewczyk, premiercrafters@gmail.com, 310395441, Renovation, between 2001-2024, between 1-5, OSHA 30-Hour Certification, between 6-15, between 21-100
499, Professional Finishing, 244-125-04-01, Mikolaj Pietrzak, professionalfinishing@gmail.com, 498021775, Renovation, between 1951-1980, between 50-200, AWS Certified Solutions Architect, between 0-5, between 6-20
500, Eminent Structural, 654-324-04-03, Marzena Wrobel, eminentstructural@gmail.com, 886613211, Painting, between 1981-2000, between 16-50, EPA Lead-Safe Certification, between 6-15, between 6-20
